"NOM","ANNEE","PLUIE"
"REVENTIN",1950,115.5
"REVENTIN",1951,48.5
"REVENTIN",1952,26.1
"REVENTIN",1953,NA
"REVENTIN",1954,NA
"REVENTIN",1955,NA
"REVENTIN",1956,NA
"REVENTIN",1957,NA
"REVENTIN",1958,NA
"REVENTIN",1959,58
"REVENTIN",1960,122
"REVENTIN",1961,50
"REVENTIN",1962,42
"REVENTIN",1963,36
"REVENTIN",1964,32
"REVENTIN",1965,46
"REVENTIN",1966,37.4
"REVENTIN",1967,57
"REVENTIN",1968,62.5
"REVENTIN",1969,52
"REVENTIN",1970,88
"REVENTIN",1971,50.5
"REVENTIN",1972,56
"REVENTIN",1973,66
"REVENTIN",1974,45.2
"REVENTIN",1975,45
"REVENTIN",1976,67
"REVENTIN",1977,54
"REVENTIN",1978,46.5
"REVENTIN",1979,66.6
"REVENTIN",1980,61.3
"REVENTIN",1981,62.5
"REVENTIN",1982,72
"REVENTIN",1983,47.5
"REVENTIN",1984,42.8
"REVENTIN",1985,50
"REVENTIN",1986,40
"REVENTIN",1987,56
"REVENTIN",1988,97.5
"REVENTIN",1989,62
"REVENTIN",1990,35
"REVENTIN",1991,80
"REVENTIN",1992,68
"REVENTIN",1993,65
"REVENTIN",1994,65
"REVENTIN",1995,60
"REVENTIN",1996,100
"REVENTIN",1997,45.5
"REVENTIN",1998,46.5
"REVENTIN",1999,10
"REVENTIN",2000,69.2
"REVENTIN",2001,54.5
"REVENTIN",2002,57
"REVENTIN",2003,30
"REVENTIN",2004,65
"REVENTIN",2005,57.6
"REVENTIN",2006,85.1
"REVENTIN",2007,65
"REVENTIN",2008,54.4
"REVENTIN",2009,61.3
"REVENTIN",2010,47.4
"REVENTIN",2011,45.6
"REVENTIN",2012,61.1
"REVENTIN",2013,55
"REVENTIN",2014,80.4
"REVENTIN",2015,65.9
"REVENTIN",2016,34.6
"REVENTIN",2017,48.9
"REVENTIN",2018,49.4
"REVENTIN",2019,54.8
"REVENTIN",2020,65.3
"REVENTIN",2021,116.9
"REVENTIN",2022,26.9
"CHASSE",1950,NA
"CHASSE",1951,NA
"CHASSE",1952,NA
"CHASSE",1953,NA
"CHASSE",1954,NA
"CHASSE",1955,NA
"CHASSE",1956,NA
"CHASSE",1957,NA
"CHASSE",1958,NA
"CHASSE",1959,NA
"CHASSE",1960,NA
"CHASSE",1961,NA
"CHASSE",1962,NA
"CHASSE",1963,NA
"CHASSE",1964,NA
"CHASSE",1965,NA
"CHASSE",1966,NA
"CHASSE",1967,NA
"CHASSE",1968,NA
"CHASSE",1969,NA
"CHASSE",1970,NA
"CHASSE",1971,NA
"CHASSE",1972,NA
"CHASSE",1973,NA
"CHASSE",1974,NA
"CHASSE",1975,55.6
"CHASSE",1976,52.7
"CHASSE",1977,74.9
"CHASSE",1978,43.7
"CHASSE",1979,66.5
"CHASSE",1980,70.7
"CHASSE",1981,82.2
"CHASSE",1982,85.5
"CHASSE",1983,46.5
"CHASSE",1984,44.9
"CHASSE",1985,51.5
"CHASSE",1986,42.4
"CHASSE",1987,48
"CHASSE",1988,91
"CHASSE",1989,66.5
"CHASSE",1990,41
"CHASSE",1991,76.4
"CHASSE",1992,55
"CHASSE",1993,100.6
"CHASSE",1994,73.9
"CHASSE",1995,60.5
"CHASSE",1996,97.3
"CHASSE",1997,69.5
"CHASSE",1998,47.2
"CHASSE",1999,78.2
"CHASSE",2000,78
"CHASSE",2001,39
"CHASSE",2002,57
"CHASSE",2003,62
"CHASSE",2004,85
"CHASSE",2005,64
"CHASSE",2006,69
"CHASSE",2007,65
"CHASSE",2008,104
"CHASSE",2009,64
"CHASSE",2010,51.2
"CHASSE",2011,57
"CHASSE",2012,66.8
"CHASSE",2013,58.6
"CHASSE",2014,87.8
"CHASSE",2015,55.2
"CHASSE",2016,52
"CHASSE",2017,44
"CHASSE",2018,58
"CHASSE",2019,47.5
"CHASSE",2020,56.7
"CHASSE",2021,NA
"CHASSE",2022,NA
"LEYRIEU BOURG",1950,NA
"LEYRIEU BOURG",1951,NA
"LEYRIEU BOURG",1952,NA
"LEYRIEU BOURG",1953,NA
"LEYRIEU BOURG",1954,NA
"LEYRIEU BOURG",1955,NA
"LEYRIEU BOURG",1956,76.9
"LEYRIEU BOURG",1957,80.4
"LEYRIEU BOURG",1958,56.5
"LEYRIEU BOURG",1959,62.7
"LEYRIEU BOURG",1960,56
"LEYRIEU BOURG",1961,45.4
"LEYRIEU BOURG",1962,49.7
"LEYRIEU BOURG",1963,50.7
"LEYRIEU BOURG",1964,30.4
"LEYRIEU BOURG",1965,49.9
"LEYRIEU BOURG",1966,39.7
"LEYRIEU BOURG",1967,59.9
"LEYRIEU BOURG",1968,60
"LEYRIEU BOURG",1969,32.5
"LEYRIEU BOURG",1970,103.9
"LEYRIEU BOURG",1971,78.6
"LEYRIEU BOURG",1972,50.3
"LEYRIEU BOURG",1973,45.7
"LEYRIEU BOURG",1974,39.4
"LEYRIEU BOURG",1975,51
"LEYRIEU BOURG",1976,78.3
"LEYRIEU BOURG",1977,44.8
"LEYRIEU BOURG",1978,63
"LEYRIEU BOURG",1979,47
"LEYRIEU BOURG",1980,73
"LEYRIEU BOURG",1981,94.2
"LEYRIEU BOURG",1982,51
"LEYRIEU BOURG",1983,53
"LEYRIEU BOURG",1984,35
"LEYRIEU BOURG",1985,56
"LEYRIEU BOURG",1986,68
"LEYRIEU BOURG",1987,32
"LEYRIEU BOURG",1988,90.2
"LEYRIEU BOURG",1989,73.2
"LEYRIEU BOURG",1990,45.4
"LEYRIEU BOURG",1991,100
"LEYRIEU BOURG",1992,61.2
"LEYRIEU BOURG",1993,68.2
"LEYRIEU BOURG",1994,62.4
"LEYRIEU BOURG",1995,87
"LEYRIEU BOURG",1996,58
"LEYRIEU BOURG",1997,65.2
"LEYRIEU BOURG",1998,61.2
"LEYRIEU BOURG",1999,60.4
"LEYRIEU BOURG",2000,56.4
"LEYRIEU BOURG",2001,37.4
"LEYRIEU BOURG",2002,48.4
"LEYRIEU BOURG",2003,43
"LEYRIEU BOURG",2004,78
"LEYRIEU BOURG",2005,39
"LEYRIEU BOURG",2006,36.2
"LEYRIEU BOURG",2007,41.2
"LEYRIEU BOURG",2008,78.2
"LEYRIEU BOURG",2009,50
"LEYRIEU BOURG",2010,43
"LEYRIEU BOURG",2011,48.2
"LEYRIEU BOURG",2012,76
"LEYRIEU BOURG",2013,20
"LEYRIEU BOURG",2014,NA
"LEYRIEU BOURG",2015,NA
"LEYRIEU BOURG",2016,NA
"LEYRIEU BOURG",2017,NA
"LEYRIEU BOURG",2018,NA
"LEYRIEU BOURG",2019,NA
"LEYRIEU BOURG",2020,NA
"LEYRIEU BOURG",2021,NA
"LEYRIEU BOURG",2022,NA
"CESSIEU",1950,122.5
"CESSIEU",1951,66.7
"CESSIEU",1952,54.6
"CESSIEU",1953,67.7
"CESSIEU",1954,78.5
"CESSIEU",1955,65.9
"CESSIEU",1956,69.5
"CESSIEU",1957,NA
"CESSIEU",1958,74
"CESSIEU",1959,52.3
"CESSIEU",1960,64.4
"CESSIEU",1961,80
"CESSIEU",1962,43.4
"CESSIEU",1963,61.7
"CESSIEU",1964,35.8
"CESSIEU",1965,64.2
"CESSIEU",1966,46.3
"CESSIEU",1967,57
"CESSIEU",1968,64
"CESSIEU",1969,54.9
"CESSIEU",1970,49.4
"CESSIEU",1971,68.5
"CESSIEU",1972,32.7
"CESSIEU",1973,45.5
"CESSIEU",1974,41.7
"CESSIEU",1975,64.8
"CESSIEU",1976,80.1
"CESSIEU",1977,43.3
"CESSIEU",1978,55.8
"CESSIEU",1979,53.6
"CESSIEU",1980,60.6
"CESSIEU",1981,47.9
"CESSIEU",1982,52.2
"CESSIEU",1983,75.8
"CESSIEU",1984,37.7
"CESSIEU",1985,45.4
"CESSIEU",1986,70.8
"CESSIEU",1987,60.4
"CESSIEU",1988,107.8
"CESSIEU",1989,58.5
"CESSIEU",1990,46.2
"CESSIEU",1991,85
"CESSIEU",1992,42
"CESSIEU",1993,75.5
"CESSIEU",1994,52
"CESSIEU",1995,94
"CESSIEU",1996,58
"CESSIEU",1997,88
"CESSIEU",1998,45
"CESSIEU",1999,140
"CESSIEU",2000,39
"CESSIEU",2001,39
"CESSIEU",2002,52
"CESSIEU",2003,52
"CESSIEU",2004,74
"CESSIEU",2005,50
"CESSIEU",2006,43
"CESSIEU",2007,45
"CESSIEU",2008,63
"CESSIEU",2009,35
"CESSIEU",2010,44
"CESSIEU",2011,43
"CESSIEU",2012,70
"CESSIEU",2013,NA
"CESSIEU",2014,NA
"CESSIEU",2015,NA
"CESSIEU",2016,NA
"CESSIEU",2017,NA
"CESSIEU",2018,NA
"CESSIEU",2019,NA
"CESSIEU",2020,NA
"CESSIEU",2021,NA
"CESSIEU",2022,NA
"PONT-DE-BEAUVOISIN-TABACS",1950,101
"PONT-DE-BEAUVOISIN-TABACS",1951,47
"PONT-DE-BEAUVOISIN-TABACS",1952,51
"PONT-DE-BEAUVOISIN-TABACS",1953,80
"PONT-DE-BEAUVOISIN-TABACS",1954,NA
"PONT-DE-BEAUVOISIN-TABACS",1955,NA
"PONT-DE-BEAUVOISIN-TABACS",1956,NA
"PONT-DE-BEAUVOISIN-TABACS",1957,NA
"PONT-DE-BEAUVOISIN-TABACS",1958,85
"PONT-DE-BEAUVOISIN-TABACS",1959,68
"PONT-DE-BEAUVOISIN-TABACS",1960,74
"PONT-DE-BEAUVOISIN-TABACS",1961,94
"PONT-DE-BEAUVOISIN-TABACS",1962,55
"PONT-DE-BEAUVOISIN-TABACS",1963,45
"PONT-DE-BEAUVOISIN-TABACS",1964,42
"PONT-DE-BEAUVOISIN-TABACS",1965,43
"PONT-DE-BEAUVOISIN-TABACS",1966,42
"PONT-DE-BEAUVOISIN-TABACS",1967,58.5
"PONT-DE-BEAUVOISIN-TABACS",1968,56
"PONT-DE-BEAUVOISIN-TABACS",1969,59.8
"PONT-DE-BEAUVOISIN-TABACS",1970,53
"PONT-DE-BEAUVOISIN-TABACS",1971,62
"PONT-DE-BEAUVOISIN-TABACS",1972,37
"PONT-DE-BEAUVOISIN-TABACS",1973,50
"PONT-DE-BEAUVOISIN-TABACS",1974,43
"PONT-DE-BEAUVOISIN-TABACS",1975,80
"PONT-DE-BEAUVOISIN-TABACS",1976,45
"PONT-DE-BEAUVOISIN-TABACS",1977,47
"PONT-DE-BEAUVOISIN-TABACS",1978,95
"PONT-DE-BEAUVOISIN-TABACS",1979,51
"PONT-DE-BEAUVOISIN-TABACS",1980,70
"PONT-DE-BEAUVOISIN-TABACS",1981,57
"PONT-DE-BEAUVOISIN-TABACS",1982,46
"PONT-DE-BEAUVOISIN-TABACS",1983,74
"PONT-DE-BEAUVOISIN-TABACS",1984,50
"PONT-DE-BEAUVOISIN-TABACS",1985,44
"PONT-DE-BEAUVOISIN-TABACS",1986,46
"PONT-DE-BEAUVOISIN-TABACS",1987,80.4
"PONT-DE-BEAUVOISIN-TABACS",1988,81
"PONT-DE-BEAUVOISIN-TABACS",1989,45
"PONT-DE-BEAUVOISIN-TABACS",1990,62.2
"PONT-DE-BEAUVOISIN-TABACS",1991,90.2
"PONT-DE-BEAUVOISIN-TABACS",1992,51.5
"PONT-DE-BEAUVOISIN-TABACS",1993,63
"PONT-DE-BEAUVOISIN-TABACS",1994,44.5
"PONT-DE-BEAUVOISIN-TABACS",1995,85
"PONT-DE-BEAUVOISIN-TABACS",1996,58.3
"PONT-DE-BEAUVOISIN-TABACS",1997,51.5
"PONT-DE-BEAUVOISIN-TABACS",1998,60
"PONT-DE-BEAUVOISIN-TABACS",1999,133.1
"PONT-DE-BEAUVOISIN-TABACS",2000,57.4
"PONT-DE-BEAUVOISIN-TABACS",2001,56
"PONT-DE-BEAUVOISIN-TABACS",2002,130.3
"PONT-DE-BEAUVOISIN-TABACS",2003,45
"PONT-DE-BEAUVOISIN-TABACS",2004,64
"PONT-DE-BEAUVOISIN-TABACS",2005,54.9
"PONT-DE-BEAUVOISIN-TABACS",2006,33.4
"PONT-DE-BEAUVOISIN-TABACS",2007,47.4
"PONT-DE-BEAUVOISIN-TABACS",2008,65.2
"PONT-DE-BEAUVOISIN-TABACS",2009,38.1
"PONT-DE-BEAUVOISIN-TABACS",2010,59.6
"PONT-DE-BEAUVOISIN-TABACS",2011,62.1
"PONT-DE-BEAUVOISIN-TABACS",2012,59.5
"PONT-DE-BEAUVOISIN-TABACS",2013,68.5
"PONT-DE-BEAUVOISIN-TABACS",2014,55.2
"PONT-DE-BEAUVOISIN-TABACS",2015,58.2
"PONT-DE-BEAUVOISIN-TABACS",2016,52
"PONT-DE-BEAUVOISIN-TABACS",2017,91.2
"PONT-DE-BEAUVOISIN-TABACS",2018,54.7
"PONT-DE-BEAUVOISIN-TABACS",2019,51.7
"PONT-DE-BEAUVOISIN-TABACS",2020,65.8
"PONT-DE-BEAUVOISIN-TABACS",2021,55.3
"PONT-DE-BEAUVOISIN-TABACS",2022,41.7
"ST-GEOIRE-EN-VALDAINE",1950,59
"ST-GEOIRE-EN-VALDAINE",1951,58.1
"ST-GEOIRE-EN-VALDAINE",1952,46.8
"ST-GEOIRE-EN-VALDAINE",1953,62.8
"ST-GEOIRE-EN-VALDAINE",1954,56.8
"ST-GEOIRE-EN-VALDAINE",1955,59.7
"ST-GEOIRE-EN-VALDAINE",1956,84
"ST-GEOIRE-EN-VALDAINE",1957,57.7
"ST-GEOIRE-EN-VALDAINE",1958,90.2
"ST-GEOIRE-EN-VALDAINE",1959,49.5
"ST-GEOIRE-EN-VALDAINE",1960,75.2
"ST-GEOIRE-EN-VALDAINE",1961,66.1
"ST-GEOIRE-EN-VALDAINE",1962,54.1
"ST-GEOIRE-EN-VALDAINE",1963,47.6
"ST-GEOIRE-EN-VALDAINE",1964,46.1
"ST-GEOIRE-EN-VALDAINE",1965,40.2
"ST-GEOIRE-EN-VALDAINE",1966,44
"ST-GEOIRE-EN-VALDAINE",1967,47
"ST-GEOIRE-EN-VALDAINE",1968,52.8
"ST-GEOIRE-EN-VALDAINE",1969,48.5
"ST-GEOIRE-EN-VALDAINE",1970,35.5
"ST-GEOIRE-EN-VALDAINE",1971,57.5
"ST-GEOIRE-EN-VALDAINE",1972,124
"ST-GEOIRE-EN-VALDAINE",1973,42.4
"ST-GEOIRE-EN-VALDAINE",1974,47.3
"ST-GEOIRE-EN-VALDAINE",1975,91.1
"ST-GEOIRE-EN-VALDAINE",1976,60.5
"ST-GEOIRE-EN-VALDAINE",1977,41.5
"ST-GEOIRE-EN-VALDAINE",1978,91.5
"ST-GEOIRE-EN-VALDAINE",1979,55
"ST-GEOIRE-EN-VALDAINE",1980,57
"ST-GEOIRE-EN-VALDAINE",1981,56.4
"ST-GEOIRE-EN-VALDAINE",1982,44.7
"ST-GEOIRE-EN-VALDAINE",1983,65.1
"ST-GEOIRE-EN-VALDAINE",1984,44
"ST-GEOIRE-EN-VALDAINE",1985,43.2
"ST-GEOIRE-EN-VALDAINE",1986,55
"ST-GEOIRE-EN-VALDAINE",1987,75.3
"ST-GEOIRE-EN-VALDAINE",1988,68
"ST-GEOIRE-EN-VALDAINE",1989,47.3
"ST-GEOIRE-EN-VALDAINE",1990,47.5
"ST-GEOIRE-EN-VALDAINE",1991,108
"ST-GEOIRE-EN-VALDAINE",1992,61
"ST-GEOIRE-EN-VALDAINE",1993,92
"ST-GEOIRE-EN-VALDAINE",1994,60
"ST-GEOIRE-EN-VALDAINE",1995,99
"ST-GEOIRE-EN-VALDAINE",1996,67
"ST-GEOIRE-EN-VALDAINE",1997,53.4
"ST-GEOIRE-EN-VALDAINE",1998,92
"ST-GEOIRE-EN-VALDAINE",1999,135
"ST-GEOIRE-EN-VALDAINE",2000,48.6
"ST-GEOIRE-EN-VALDAINE",2001,55.8
"ST-GEOIRE-EN-VALDAINE",2002,200
"ST-GEOIRE-EN-VALDAINE",2003,60
"ST-GEOIRE-EN-VALDAINE",2004,88.3
"ST-GEOIRE-EN-VALDAINE",2005,21.1
"ST-GEOIRE-EN-VALDAINE",2006,NA
"ST-GEOIRE-EN-VALDAINE",2007,NA
"ST-GEOIRE-EN-VALDAINE",2008,NA
"ST-GEOIRE-EN-VALDAINE",2009,NA
"ST-GEOIRE-EN-VALDAINE",2010,NA
"ST-GEOIRE-EN-VALDAINE",2011,NA
"ST-GEOIRE-EN-VALDAINE",2012,NA
"ST-GEOIRE-EN-VALDAINE",2013,NA
"ST-GEOIRE-EN-VALDAINE",2014,NA
"ST-GEOIRE-EN-VALDAINE",2015,NA
"ST-GEOIRE-EN-VALDAINE",2016,NA
"ST-GEOIRE-EN-VALDAINE",2017,NA
"ST-GEOIRE-EN-VALDAINE",2018,NA
"ST-GEOIRE-EN-VALDAINE",2019,NA
"ST-GEOIRE-EN-VALDAINE",2020,NA
"ST-GEOIRE-EN-VALDAINE",2021,NA
"ST-GEOIRE-EN-VALDAINE",2022,NA
"CHARAVINES",1950,52
"CHARAVINES",1951,61.2
"CHARAVINES",1952,48.6
"CHARAVINES",1953,77.8
"CHARAVINES",1954,65.8
"CHARAVINES",1955,59.6
"CHARAVINES",1956,78.4
"CHARAVINES",1957,60.6
"CHARAVINES",1958,93
"CHARAVINES",1959,55.6
"CHARAVINES",1960,72.4
"CHARAVINES",1961,68
"CHARAVINES",1962,44.8
"CHARAVINES",1963,44.3
"CHARAVINES",1964,43.6
"CHARAVINES",1965,43.2
"CHARAVINES",1966,44.7
"CHARAVINES",1967,58.5
"CHARAVINES",1968,61.3
"CHARAVINES",1969,53.4
"CHARAVINES",1970,45
"CHARAVINES",1971,61.7
"CHARAVINES",1972,144.6
"CHARAVINES",1973,45.7
"CHARAVINES",1974,49.8
"CHARAVINES",1975,83.1
"CHARAVINES",1976,51.3
"CHARAVINES",1977,45.1
"CHARAVINES",1978,66.3
"CHARAVINES",1979,54.9
"CHARAVINES",1980,56.6
"CHARAVINES",1981,56.7
"CHARAVINES",1982,48.5
"CHARAVINES",1983,72.3
"CHARAVINES",1984,28.9
"CHARAVINES",1985,49
"CHARAVINES",1986,54.6
"CHARAVINES",1987,71.5
"CHARAVINES",1988,84
"CHARAVINES",1989,40.8
"CHARAVINES",1990,45
"CHARAVINES",1991,84
"CHARAVINES",1992,53.2
"CHARAVINES",1993,71.8
"CHARAVINES",1994,54
"CHARAVINES",1995,76.8
"CHARAVINES",1996,50.6
"CHARAVINES",1997,43.6
"CHARAVINES",1998,56.2
"CHARAVINES",1999,190.2
"CHARAVINES",2000,44.1
"CHARAVINES",2001,59.8
"CHARAVINES",2002,72.2
"CHARAVINES",2003,65.8
"CHARAVINES",2004,100.5
"CHARAVINES",2005,48.4
"CHARAVINES",2006,50.3
"CHARAVINES",2007,54.6
"CHARAVINES",2008,98.6
"CHARAVINES",2009,54.7
"CHARAVINES",2010,44.7
"CHARAVINES",2011,45.1
"CHARAVINES",2012,68.7
"CHARAVINES",2013,69.8
"CHARAVINES",2014,69.5
"CHARAVINES",2015,60.4
"CHARAVINES",2016,57.5
"CHARAVINES",2017,36.1
"CHARAVINES",2018,36.6
"CHARAVINES",2019,42.4
"CHARAVINES",2020,58.2
"CHARAVINES",2021,70.2
"CHARAVINES",2022,44.3
"LA COTE ST ANDRE",1950,51.4
"LA COTE ST ANDRE",1951,57.9
"LA COTE ST ANDRE",1952,55.7
"LA COTE ST ANDRE",1953,54
"LA COTE ST ANDRE",1954,85.9
"LA COTE ST ANDRE",1955,52.8
"LA COTE ST ANDRE",1956,46.6
"LA COTE ST ANDRE",1957,39.2
"LA COTE ST ANDRE",1958,75.1
"LA COTE ST ANDRE",1959,45.2
"LA COTE ST ANDRE",1960,64.4
"LA COTE ST ANDRE",1961,43.4
"LA COTE ST ANDRE",1962,42.8
"LA COTE ST ANDRE",1963,61.9
"LA COTE ST ANDRE",1964,31.2
"LA COTE ST ANDRE",1965,45.8
"LA COTE ST ANDRE",1966,41
"LA COTE ST ANDRE",1967,35.8
"LA COTE ST ANDRE",1968,57.8
"LA COTE ST ANDRE",1969,50.2
"LA COTE ST ANDRE",1970,85.2
"LA COTE ST ANDRE",1971,52.5
"LA COTE ST ANDRE",1972,53.6
"LA COTE ST ANDRE",1973,39.7
"LA COTE ST ANDRE",1974,41
"LA COTE ST ANDRE",1975,51
"LA COTE ST ANDRE",1976,88
"LA COTE ST ANDRE",1977,54.3
"LA COTE ST ANDRE",1978,65
"LA COTE ST ANDRE",1979,52.2
"LA COTE ST ANDRE",1980,71.6
"LA COTE ST ANDRE",1981,49.5
"LA COTE ST ANDRE",1982,50.9
"LA COTE ST ANDRE",1983,57.5
"LA COTE ST ANDRE",1984,35.1
"LA COTE ST ANDRE",1985,53.2
"LA COTE ST ANDRE",1986,75
"LA COTE ST ANDRE",1987,65.5
"LA COTE ST ANDRE",1988,106.5
"LA COTE ST ANDRE",1989,66
"LA COTE ST ANDRE",1990,40
"LA COTE ST ANDRE",1991,75.5
"LA COTE ST ANDRE",1992,45.3
"LA COTE ST ANDRE",1993,60.5
"LA COTE ST ANDRE",1994,52.8
"LA COTE ST ANDRE",1995,93
"LA COTE ST ANDRE",1996,56.3
"LA COTE ST ANDRE",1997,70.5
"LA COTE ST ANDRE",1998,68.5
"LA COTE ST ANDRE",1999,200
"LA COTE ST ANDRE",2000,37.3
"LA COTE ST ANDRE",2001,49.8
"LA COTE ST ANDRE",2002,50
"LA COTE ST ANDRE",2003,87.5
"LA COTE ST ANDRE",2004,74
"LA COTE ST ANDRE",2005,62
"LA COTE ST ANDRE",2006,56.7
"LA COTE ST ANDRE",2007,51.8
"LA COTE ST ANDRE",2008,69.2
"LA COTE ST ANDRE",2009,33.4
"LA COTE ST ANDRE",2010,45.3
"LA COTE ST ANDRE",2011,37.1
"LA COTE ST ANDRE",2012,70
"LA COTE ST ANDRE",2013,90.6
"LA COTE ST ANDRE",2014,78.4
"LA COTE ST ANDRE",2015,54.8
"LA COTE ST ANDRE",2016,53.5
"LA COTE ST ANDRE",2017,6.2
"LA COTE ST ANDRE",2018,NA
"LA COTE ST ANDRE",2019,NA
"LA COTE ST ANDRE",2020,NA
"LA COTE ST ANDRE",2021,NA
"LA COTE ST ANDRE",2022,NA
"GRENOBLE-ST GEOIRS",1950,69
"GRENOBLE-ST GEOIRS",1951,64.1
"GRENOBLE-ST GEOIRS",1952,12.1
"GRENOBLE-ST GEOIRS",1953,NA
"GRENOBLE-ST GEOIRS",1954,NA
"GRENOBLE-ST GEOIRS",1955,NA
"GRENOBLE-ST GEOIRS",1956,NA
"GRENOBLE-ST GEOIRS",1957,NA
"GRENOBLE-ST GEOIRS",1958,NA
"GRENOBLE-ST GEOIRS",1959,NA
"GRENOBLE-ST GEOIRS",1960,NA
"GRENOBLE-ST GEOIRS",1961,NA
"GRENOBLE-ST GEOIRS",1962,NA
"GRENOBLE-ST GEOIRS",1963,NA
"GRENOBLE-ST GEOIRS",1964,NA
"GRENOBLE-ST GEOIRS",1965,NA
"GRENOBLE-ST GEOIRS",1966,NA
"GRENOBLE-ST GEOIRS",1967,33.3
"GRENOBLE-ST GEOIRS",1968,67.4
"GRENOBLE-ST GEOIRS",1969,55.5
"GRENOBLE-ST GEOIRS",1970,53.4
"GRENOBLE-ST GEOIRS",1971,52
"GRENOBLE-ST GEOIRS",1972,45.1
"GRENOBLE-ST GEOIRS",1973,41.9
"GRENOBLE-ST GEOIRS",1974,41.4
"GRENOBLE-ST GEOIRS",1975,73.3
"GRENOBLE-ST GEOIRS",1976,62.3
"GRENOBLE-ST GEOIRS",1977,45.2
"GRENOBLE-ST GEOIRS",1978,39.4
"GRENOBLE-ST GEOIRS",1979,55.1
"GRENOBLE-ST GEOIRS",1980,58.7
"GRENOBLE-ST GEOIRS",1981,54.7
"GRENOBLE-ST GEOIRS",1982,50
"GRENOBLE-ST GEOIRS",1983,70.2
"GRENOBLE-ST GEOIRS",1984,37.2
"GRENOBLE-ST GEOIRS",1985,53.2
"GRENOBLE-ST GEOIRS",1986,86
"GRENOBLE-ST GEOIRS",1987,89.2
"GRENOBLE-ST GEOIRS",1988,81.2
"GRENOBLE-ST GEOIRS",1989,67
"GRENOBLE-ST GEOIRS",1990,46
"GRENOBLE-ST GEOIRS",1991,72.8
"GRENOBLE-ST GEOIRS",1992,45.2
"GRENOBLE-ST GEOIRS",1993,69.3
"GRENOBLE-ST GEOIRS",1994,60.6
"GRENOBLE-ST GEOIRS",1995,102.4
"GRENOBLE-ST GEOIRS",1996,45.6
"GRENOBLE-ST GEOIRS",1997,47.6
"GRENOBLE-ST GEOIRS",1998,72
"GRENOBLE-ST GEOIRS",1999,189.2
"GRENOBLE-ST GEOIRS",2000,34.8
"GRENOBLE-ST GEOIRS",2001,46.2
"GRENOBLE-ST GEOIRS",2002,61.4
"GRENOBLE-ST GEOIRS",2003,75
"GRENOBLE-ST GEOIRS",2004,72.6
"GRENOBLE-ST GEOIRS",2005,45.2
"GRENOBLE-ST GEOIRS",2006,43
"GRENOBLE-ST GEOIRS",2007,47.6
"GRENOBLE-ST GEOIRS",2008,56.8
"GRENOBLE-ST GEOIRS",2009,33.8
"GRENOBLE-ST GEOIRS",2010,47.1
"GRENOBLE-ST GEOIRS",2011,52.5
"GRENOBLE-ST GEOIRS",2012,66.3
"GRENOBLE-ST GEOIRS",2013,82
"GRENOBLE-ST GEOIRS",2014,74.9
"GRENOBLE-ST GEOIRS",2015,56.5
"GRENOBLE-ST GEOIRS",2016,47.7
"GRENOBLE-ST GEOIRS",2017,28.3
"GRENOBLE-ST GEOIRS",2018,43
"GRENOBLE-ST GEOIRS",2019,55.6
"GRENOBLE-ST GEOIRS",2020,68.7
"GRENOBLE-ST GEOIRS",2021,77.5
"GRENOBLE-ST GEOIRS",2022,41.6
"ST-LAURENT-DU-PONT",1950,68
"ST-LAURENT-DU-PONT",1951,52.4
"ST-LAURENT-DU-PONT",1952,49.5
"ST-LAURENT-DU-PONT",1953,89.6
"ST-LAURENT-DU-PONT",1954,128.5
"ST-LAURENT-DU-PONT",1955,NA
"ST-LAURENT-DU-PONT",1956,72.5
"ST-LAURENT-DU-PONT",1957,NA
"ST-LAURENT-DU-PONT",1958,88.4
"ST-LAURENT-DU-PONT",1959,95.5
"ST-LAURENT-DU-PONT",1960,80
"ST-LAURENT-DU-PONT",1961,55
"ST-LAURENT-DU-PONT",1962,56
"ST-LAURENT-DU-PONT",1963,68
"ST-LAURENT-DU-PONT",1964,46.6
"ST-LAURENT-DU-PONT",1965,55.5
"ST-LAURENT-DU-PONT",1966,71.1
"ST-LAURENT-DU-PONT",1967,81.6
"ST-LAURENT-DU-PONT",1968,71.4
"ST-LAURENT-DU-PONT",1969,80.6
"ST-LAURENT-DU-PONT",1970,50.5
"ST-LAURENT-DU-PONT",1971,61.6
"ST-LAURENT-DU-PONT",1972,50.2
"ST-LAURENT-DU-PONT",1973,93.4
"ST-LAURENT-DU-PONT",1974,55.4
"ST-LAURENT-DU-PONT",1975,76
"ST-LAURENT-DU-PONT",1976,47.6
"ST-LAURENT-DU-PONT",1977,64.5
"ST-LAURENT-DU-PONT",1978,125
"ST-LAURENT-DU-PONT",1979,60
"ST-LAURENT-DU-PONT",1980,110
"ST-LAURENT-DU-PONT",1981,58.5
"ST-LAURENT-DU-PONT",1982,71.5
"ST-LAURENT-DU-PONT",1983,76.5
"ST-LAURENT-DU-PONT",1984,43.5
"ST-LAURENT-DU-PONT",1985,57
"ST-LAURENT-DU-PONT",1986,56
"ST-LAURENT-DU-PONT",1987,75
"ST-LAURENT-DU-PONT",1988,76
"ST-LAURENT-DU-PONT",1989,47
"ST-LAURENT-DU-PONT",1990,70
"ST-LAURENT-DU-PONT",1991,110
"ST-LAURENT-DU-PONT",1992,60
"ST-LAURENT-DU-PONT",1993,66.5
"ST-LAURENT-DU-PONT",1994,88
"ST-LAURENT-DU-PONT",1995,91
"ST-LAURENT-DU-PONT",1996,78
"ST-LAURENT-DU-PONT",1997,60
"ST-LAURENT-DU-PONT",1998,64
"ST-LAURENT-DU-PONT",1999,88.5
"ST-LAURENT-DU-PONT",2000,64.9
"ST-LAURENT-DU-PONT",2001,73.5
"ST-LAURENT-DU-PONT",2002,92.7
"ST-LAURENT-DU-PONT",2003,68
"ST-LAURENT-DU-PONT",2004,95.8
"ST-LAURENT-DU-PONT",2005,100
"ST-LAURENT-DU-PONT",2006,41.5
"ST-LAURENT-DU-PONT",2007,52
"ST-LAURENT-DU-PONT",2008,61.7
"ST-LAURENT-DU-PONT",2009,47
"ST-LAURENT-DU-PONT",2010,50
"ST-LAURENT-DU-PONT",2011,79
"ST-LAURENT-DU-PONT",2012,62.3
"ST-LAURENT-DU-PONT",2013,73.7
"ST-LAURENT-DU-PONT",2014,54.7
"ST-LAURENT-DU-PONT",2015,86.3
"ST-LAURENT-DU-PONT",2016,43.5
"ST-LAURENT-DU-PONT",2017,44.7
"ST-LAURENT-DU-PONT",2018,33.1
"ST-LAURENT-DU-PONT",2019,NA
"ST-LAURENT-DU-PONT",2020,NA
"ST-LAURENT-DU-PONT",2021,NA
"ST-LAURENT-DU-PONT",2022,NA
"GRANDE-CHARTREUSE",1950,88
"GRANDE-CHARTREUSE",1951,126.5
"GRANDE-CHARTREUSE",1952,79.2
"GRANDE-CHARTREUSE",1953,74
"GRANDE-CHARTREUSE",1954,128
"GRANDE-CHARTREUSE",1955,84.6
"GRANDE-CHARTREUSE",1956,103.5
"GRANDE-CHARTREUSE",1957,NA
"GRANDE-CHARTREUSE",1958,148
"GRANDE-CHARTREUSE",1959,97.5
"GRANDE-CHARTREUSE",1960,108.1
"GRANDE-CHARTREUSE",1961,107.6
"GRANDE-CHARTREUSE",1962,84
"GRANDE-CHARTREUSE",1963,81.2
"GRANDE-CHARTREUSE",1964,76.7
"GRANDE-CHARTREUSE",1965,49.9
"GRANDE-CHARTREUSE",1966,77.2
"GRANDE-CHARTREUSE",1967,92.8
"GRANDE-CHARTREUSE",1968,114.5
"GRANDE-CHARTREUSE",1969,68.6
"GRANDE-CHARTREUSE",1970,74.7
"GRANDE-CHARTREUSE",1971,76.4
"GRANDE-CHARTREUSE",1972,54.1
"GRANDE-CHARTREUSE",1973,80.6
"GRANDE-CHARTREUSE",1974,70.6
"GRANDE-CHARTREUSE",1975,80.9
"GRANDE-CHARTREUSE",1976,63.1
"GRANDE-CHARTREUSE",1977,57.4
"GRANDE-CHARTREUSE",1978,138.7
"GRANDE-CHARTREUSE",1979,58.6
"GRANDE-CHARTREUSE",1980,144.8
"GRANDE-CHARTREUSE",1981,112.9
"GRANDE-CHARTREUSE",1982,63.2
"GRANDE-CHARTREUSE",1983,85.6
"GRANDE-CHARTREUSE",1984,77.3
"GRANDE-CHARTREUSE",1985,75.3
"GRANDE-CHARTREUSE",1986,103.8
"GRANDE-CHARTREUSE",1987,69.2
"GRANDE-CHARTREUSE",1988,59.6
"GRANDE-CHARTREUSE",1989,68.7
"GRANDE-CHARTREUSE",1990,99.3
"GRANDE-CHARTREUSE",1991,157.9
"GRANDE-CHARTREUSE",1992,74.7
"GRANDE-CHARTREUSE",1993,73.6
"GRANDE-CHARTREUSE",1994,171.3
"GRANDE-CHARTREUSE",1995,124.2
"GRANDE-CHARTREUSE",1996,141.7
"GRANDE-CHARTREUSE",1997,68.9
"GRANDE-CHARTREUSE",1998,81.5
"GRANDE-CHARTREUSE",1999,89.2
"GRANDE-CHARTREUSE",2000,89.7
"GRANDE-CHARTREUSE",2001,56.3
"GRANDE-CHARTREUSE",2002,128
"GRANDE-CHARTREUSE",2003,68.5
"GRANDE-CHARTREUSE",2004,82
"GRANDE-CHARTREUSE",2005,100.7
"GRANDE-CHARTREUSE",2006,97.7
"GRANDE-CHARTREUSE",2007,89.2
"GRANDE-CHARTREUSE",2008,139.5
"GRANDE-CHARTREUSE",2009,51
"GRANDE-CHARTREUSE",2010,77.5
"GRANDE-CHARTREUSE",2011,71.3
"GRANDE-CHARTREUSE",2012,68
"GRANDE-CHARTREUSE",2013,65.5
"GRANDE-CHARTREUSE",2014,91.1
"GRANDE-CHARTREUSE",2015,65
"GRANDE-CHARTREUSE",2016,110.2
"GRANDE-CHARTREUSE",2017,79.8
"GRANDE-CHARTREUSE",2018,68.6
"GRANDE-CHARTREUSE",2019,104.7
"GRANDE-CHARTREUSE",2020,84
"GRANDE-CHARTREUSE",2021,83.9
"GRANDE-CHARTREUSE",2022,75.6
"ST-HILAIRE",1950,72.5
"ST-HILAIRE",1951,70.2
"ST-HILAIRE",1952,73.4
"ST-HILAIRE",1953,51.4
"ST-HILAIRE",1954,NA
"ST-HILAIRE",1955,112.8
"ST-HILAIRE",1956,58.3
"ST-HILAIRE",1957,NA
"ST-HILAIRE",1958,87.1
"ST-HILAIRE",1959,53
"ST-HILAIRE",1960,70.5
"ST-HILAIRE",1961,97.3
"ST-HILAIRE",1962,74
"ST-HILAIRE",1963,44.3
"ST-HILAIRE",1964,68.6
"ST-HILAIRE",1965,69.2
"ST-HILAIRE",1966,56.5
"ST-HILAIRE",1967,90
"ST-HILAIRE",1968,87
"ST-HILAIRE",1969,67.3
"ST-HILAIRE",1970,68.6
"ST-HILAIRE",1971,59.8
"ST-HILAIRE",1972,140.2
"ST-HILAIRE",1973,68.2
"ST-HILAIRE",1974,75.1
"ST-HILAIRE",1975,78
"ST-HILAIRE",1976,68.2
"ST-HILAIRE",1977,53
"ST-HILAIRE",1978,83.5
"ST-HILAIRE",1979,63
"ST-HILAIRE",1980,62
"ST-HILAIRE",1981,53
"ST-HILAIRE",1982,60
"ST-HILAIRE",1983,93
"ST-HILAIRE",1984,54
"ST-HILAIRE",1985,75
"ST-HILAIRE",1986,44.5
"ST-HILAIRE",1987,53
"ST-HILAIRE",1988,41
"ST-HILAIRE",1989,60
"ST-HILAIRE",1990,154
"ST-HILAIRE",1991,117.5
"ST-HILAIRE",1992,56.5
"ST-HILAIRE",1993,57.5
"ST-HILAIRE",1994,79
"ST-HILAIRE",1995,90
"ST-HILAIRE",1996,84
"ST-HILAIRE",1997,68
"ST-HILAIRE",1998,55
"ST-HILAIRE",1999,60
"ST-HILAIRE",2000,69
"ST-HILAIRE",2001,46
"ST-HILAIRE",2002,79
"ST-HILAIRE",2003,55.5
"ST-HILAIRE",2004,59
"ST-HILAIRE",2005,66
"ST-HILAIRE",2006,51
"ST-HILAIRE",2007,55
"ST-HILAIRE",2008,62.5
"ST-HILAIRE",2009,61.5
"ST-HILAIRE",2010,145
"ST-HILAIRE",2011,48.5
"ST-HILAIRE",2012,52.9
"ST-HILAIRE",2013,68.5
"ST-HILAIRE",2014,40
"ST-HILAIRE",2015,71.5
"ST-HILAIRE",2016,33.5
"ST-HILAIRE",2017,82.4
"ST-HILAIRE",2018,77.8
"ST-HILAIRE",2019,57.6
"ST-HILAIRE",2020,72.8
"ST-HILAIRE",2021,71.6
"ST-HILAIRE",2022,57
"LE VERSOUD",1950,NA
"LE VERSOUD",1951,NA
"LE VERSOUD",1952,NA
"LE VERSOUD",1953,NA
"LE VERSOUD",1954,NA
"LE VERSOUD",1955,NA
"LE VERSOUD",1956,NA
"LE VERSOUD",1957,NA
"LE VERSOUD",1958,NA
"LE VERSOUD",1959,NA
"LE VERSOUD",1960,NA
"LE VERSOUD",1961,NA
"LE VERSOUD",1962,NA
"LE VERSOUD",1963,NA
"LE VERSOUD",1964,NA
"LE VERSOUD",1965,NA
"LE VERSOUD",1966,NA
"LE VERSOUD",1967,NA
"LE VERSOUD",1968,NA
"LE VERSOUD",1969,NA
"LE VERSOUD",1970,NA
"LE VERSOUD",1971,NA
"LE VERSOUD",1972,NA
"LE VERSOUD",1973,67.4
"LE VERSOUD",1974,48
"LE VERSOUD",1975,73.8
"LE VERSOUD",1976,39.2
"LE VERSOUD",1977,63.5
"LE VERSOUD",1978,66.3
"LE VERSOUD",1979,44
"LE VERSOUD",1980,44.8
"LE VERSOUD",1981,76.5
"LE VERSOUD",1982,45.2
"LE VERSOUD",1983,85.9
"LE VERSOUD",1984,36
"LE VERSOUD",1985,43
"LE VERSOUD",1986,30.2
"LE VERSOUD",1987,54
"LE VERSOUD",1988,52
"LE VERSOUD",1989,55.3
"LE VERSOUD",1990,67
"LE VERSOUD",1991,75
"LE VERSOUD",1992,62
"LE VERSOUD",1993,47
"LE VERSOUD",1994,70
"LE VERSOUD",1995,52
"LE VERSOUD",1996,49
"LE VERSOUD",1997,48
"LE VERSOUD",1998,52
"LE VERSOUD",1999,45
"LE VERSOUD",2000,59.6
"LE VERSOUD",2001,50.4
"LE VERSOUD",2002,48.2
"LE VERSOUD",2003,47.6
"LE VERSOUD",2004,50.4
"LE VERSOUD",2005,47.8
"LE VERSOUD",2006,35
"LE VERSOUD",2007,40
"LE VERSOUD",2008,54.8
"LE VERSOUD",2009,31.6
"LE VERSOUD",2010,46.4
"LE VERSOUD",2011,53.3
"LE VERSOUD",2012,45.5
"LE VERSOUD",2013,71.6
"LE VERSOUD",2014,38.5
"LE VERSOUD",2015,43
"LE VERSOUD",2016,37.4
"LE VERSOUD",2017,43.6
"LE VERSOUD",2018,44.2
"LE VERSOUD",2019,54.3
"LE VERSOUD",2020,54.7
"LE VERSOUD",2021,44.8
"LE VERSOUD",2022,50.6
"ENGINS",1950,38.8
"ENGINS",1951,49
"ENGINS",1952,43.8
"ENGINS",1953,42.3
"ENGINS",1954,118.8
"ENGINS",1955,74.4
"ENGINS",1956,81.3
"ENGINS",1957,51
"ENGINS",1958,78.3
"ENGINS",1959,53.5
"ENGINS",1960,72.3
"ENGINS",1961,76.2
"ENGINS",1962,42.4
"ENGINS",1963,52.2
"ENGINS",1964,49.5
"ENGINS",1965,58.3
"ENGINS",1966,51.2
"ENGINS",1967,65.8
"ENGINS",1968,86.3
"ENGINS",1969,59.7
"ENGINS",1970,62.1
"ENGINS",1971,57.7
"ENGINS",1972,41.6
"ENGINS",1973,76.2
"ENGINS",1974,87.1
"ENGINS",1975,78.9
"ENGINS",1976,46.5
"ENGINS",1977,54.1
"ENGINS",1978,97.4
"ENGINS",1979,59.8
"ENGINS",1980,78.9
"ENGINS",1981,63.6
"ENGINS",1982,55.2
"ENGINS",1983,100.5
"ENGINS",1984,58.7
"ENGINS",1985,54.1
"ENGINS",1986,49.9
"ENGINS",1987,40.7
"ENGINS",1988,58.1
"ENGINS",1989,59.6
"ENGINS",1990,100.6
"ENGINS",1991,137.4
"ENGINS",1992,76.7
"ENGINS",1993,54.4
"ENGINS",1994,79.8
"ENGINS",1995,64.9
"ENGINS",1996,90
"ENGINS",1997,45.8
"ENGINS",1998,54.5
"ENGINS",1999,70.2
"ENGINS",2000,95.8
"ENGINS",2001,48.2
"ENGINS",2002,75
"ENGINS",2003,67.8
"ENGINS",2004,53.1
"ENGINS",2005,53.3
"ENGINS",2006,45.3
"ENGINS",2007,63.9
"ENGINS",2008,50.4
"ENGINS",2009,43.5
"ENGINS",2010,49.8
"ENGINS",2011,71.6
"ENGINS",2012,54.1
"ENGINS",2013,92
"ENGINS",2014,79.1
"ENGINS",2015,46.3
"ENGINS",2016,28.7
"ENGINS",2017,51
"ENGINS",2018,NA
"ENGINS",2019,NA
"ENGINS",2020,NA
"ENGINS",2021,NA
"ENGINS",2022,50
"AUTRANS",1950,52
"AUTRANS",1951,64.4
"AUTRANS",1952,57.4
"AUTRANS",1953,70
"AUTRANS",1954,80.4
"AUTRANS",1955,65.4
"AUTRANS",1956,75
"AUTRANS",1957,57.4
"AUTRANS",1958,70
"AUTRANS",1959,69.2
"AUTRANS",1960,64.1
"AUTRANS",1961,71
"AUTRANS",1962,91.5
"AUTRANS",1963,64.5
"AUTRANS",1964,108
"AUTRANS",1965,44
"AUTRANS",1966,88.5
"AUTRANS",1967,80
"AUTRANS",1968,95
"AUTRANS",1969,58
"AUTRANS",1970,56
"AUTRANS",1971,70
"AUTRANS",1972,43
"AUTRANS",1973,66
"AUTRANS",1974,110
"AUTRANS",1975,108
"AUTRANS",1976,47
"AUTRANS",1977,58
"AUTRANS",1978,130
"AUTRANS",1979,56.5
"AUTRANS",1980,102
"AUTRANS",1981,85
"AUTRANS",1982,66
"AUTRANS",1983,87.2
"AUTRANS",1984,45.2
"AUTRANS",1985,59.3
"AUTRANS",1986,55.3
"AUTRANS",1987,49.5
"AUTRANS",1988,50.2
"AUTRANS",1989,52.3
"AUTRANS",1990,64
"AUTRANS",1991,120
"AUTRANS",1992,55
"AUTRANS",1993,49.3
"AUTRANS",1994,155
"AUTRANS",1995,110
"AUTRANS",1996,168
"AUTRANS",1997,65.5
"AUTRANS",1998,57.5
"AUTRANS",1999,59.8
"AUTRANS",2000,73.5
"AUTRANS",2001,54
"AUTRANS",2002,135.5
"AUTRANS",2003,60
"AUTRANS",2004,56
"AUTRANS",2005,68.5
"AUTRANS",2006,58.5
"AUTRANS",2007,63
"AUTRANS",2008,87.5
"AUTRANS",2009,49.3
"AUTRANS",2010,56.1
"AUTRANS",2011,68.5
"AUTRANS",2012,54.3
"AUTRANS",2013,58.3
"AUTRANS",2014,66.8
"AUTRANS",2015,69.4
"AUTRANS",2016,77.4
"AUTRANS",2017,49.6
"AUTRANS",2018,59
"AUTRANS",2019,NA
"AUTRANS",2020,NA
"AUTRANS",2021,47.6
"AUTRANS",2022,58.7
"CHATELUS BOURNILLON",1950,NA
"CHATELUS BOURNILLON",1951,NA
"CHATELUS BOURNILLON",1952,36
"CHATELUS BOURNILLON",1953,65
"CHATELUS BOURNILLON",1954,70
"CHATELUS BOURNILLON",1955,60.4
"CHATELUS BOURNILLON",1956,94.8
"CHATELUS BOURNILLON",1957,35.8
"CHATELUS BOURNILLON",1958,NA
"CHATELUS BOURNILLON",1959,62.5
"CHATELUS BOURNILLON",1960,73.6
"CHATELUS BOURNILLON",1961,43
"CHATELUS BOURNILLON",1962,63
"CHATELUS BOURNILLON",1963,63.4
"CHATELUS BOURNILLON",1964,65
"CHATELUS BOURNILLON",1965,39.5
"CHATELUS BOURNILLON",1966,78
"CHATELUS BOURNILLON",1967,84.2
"CHATELUS BOURNILLON",1968,62
"CHATELUS BOURNILLON",1969,54
"CHATELUS BOURNILLON",1970,39.5
"CHATELUS BOURNILLON",1971,54.3
"CHATELUS BOURNILLON",1972,34.2
"CHATELUS BOURNILLON",1973,55.3
"CHATELUS BOURNILLON",1974,44
"CHATELUS BOURNILLON",1975,74.7
"CHATELUS BOURNILLON",1976,53.2
"CHATELUS BOURNILLON",1977,47.3
"CHATELUS BOURNILLON",1978,81.4
"CHATELUS BOURNILLON",1979,40.2
"CHATELUS BOURNILLON",1980,66.8
"CHATELUS BOURNILLON",1981,56
"CHATELUS BOURNILLON",1982,54.4
"CHATELUS BOURNILLON",1983,86
"CHATELUS BOURNILLON",1984,50
"CHATELUS BOURNILLON",1985,70
"CHATELUS BOURNILLON",1986,53.2
"CHATELUS BOURNILLON",1987,46.5
"CHATELUS BOURNILLON",1988,53.9
"CHATELUS BOURNILLON",1989,55
"CHATELUS BOURNILLON",1990,75
"CHATELUS BOURNILLON",1991,112.2
"CHATELUS BOURNILLON",1992,77.6
"CHATELUS BOURNILLON",1993,53.5
"CHATELUS BOURNILLON",1994,108.6
"CHATELUS BOURNILLON",1995,105.2
"CHATELUS BOURNILLON",1996,115.4
"CHATELUS BOURNILLON",1997,50.9
"CHATELUS BOURNILLON",1998,58.6
"CHATELUS BOURNILLON",1999,58.7
"CHATELUS BOURNILLON",2000,53.2
"CHATELUS BOURNILLON",2001,54.3
"CHATELUS BOURNILLON",2002,88.4
"CHATELUS BOURNILLON",2003,61
"CHATELUS BOURNILLON",2004,78.6
"CHATELUS BOURNILLON",2005,118.6
"CHATELUS BOURNILLON",2006,58.1
"CHATELUS BOURNILLON",2007,67.6
"CHATELUS BOURNILLON",2008,105.4
"CHATELUS BOURNILLON",2009,46.3
"CHATELUS BOURNILLON",2010,64.9
"CHATELUS BOURNILLON",2011,83.8
"CHATELUS BOURNILLON",2012,70
"CHATELUS BOURNILLON",2013,60.8
"CHATELUS BOURNILLON",2014,89.1
"CHATELUS BOURNILLON",2015,86.4
"CHATELUS BOURNILLON",2016,61
"CHATELUS BOURNILLON",2017,51.5
"CHATELUS BOURNILLON",2018,53.6
"CHATELUS BOURNILLON",2019,75.5
"CHATELUS BOURNILLON",2020,58.8
"CHATELUS BOURNILLON",2021,78.3
"CHATELUS BOURNILLON",2022,62.7
"CHATTE_SAPC",1950,49.5
"CHATTE_SAPC",1951,50.2
"CHATTE_SAPC",1952,47.6
"CHATTE_SAPC",1953,53.3
"CHATTE_SAPC",1954,56.2
"CHATTE_SAPC",1955,65
"CHATTE_SAPC",1956,70.9
"CHATTE_SAPC",1957,29.1
"CHATTE_SAPC",1958,104
"CHATTE_SAPC",1959,52.7
"CHATTE_SAPC",1960,77.7
"CHATTE_SAPC",1961,46.4
"CHATTE_SAPC",1962,31.1
"CHATTE_SAPC",1963,58.2
"CHATTE_SAPC",1964,44.6
"CHATTE_SAPC",1965,33.4
"CHATTE_SAPC",1966,46
"CHATTE_SAPC",1967,79.3
"CHATTE_SAPC",1968,68.3
"CHATTE_SAPC",1969,58.8
"CHATTE_SAPC",1970,42
"CHATTE_SAPC",1971,153.7
"CHATTE_SAPC",1972,43.5
"CHATTE_SAPC",1973,52.1
"CHATTE_SAPC",1974,58.8
"CHATTE_SAPC",1975,81.9
"CHATTE_SAPC",1976,84.7
"CHATTE_SAPC",1977,44.3
"CHATTE_SAPC",1978,86.8
"CHATTE_SAPC",1979,53.1
"CHATTE_SAPC",1980,43.8
"CHATTE_SAPC",1981,58.8
"CHATTE_SAPC",1982,47.3
"CHATTE_SAPC",1983,84.3
"CHATTE_SAPC",1984,41
"CHATTE_SAPC",1985,45.2
"CHATTE_SAPC",1986,36.8
"CHATTE_SAPC",1987,36.2
"CHATTE_SAPC",1988,65.8
"CHATTE_SAPC",1989,43.2
"CHATTE_SAPC",1990,33.2
"CHATTE_SAPC",1991,66
"CHATTE_SAPC",1992,52
"CHATTE_SAPC",1993,55
"CHATTE_SAPC",1994,84
"CHATTE_SAPC",1995,109
"CHATTE_SAPC",1996,51.5
"CHATTE_SAPC",1997,59.5
"CHATTE_SAPC",1998,59.5
"CHATTE_SAPC",1999,64.5
"CHATTE_SAPC",2000,37
"CHATTE_SAPC",2001,52
"CHATTE_SAPC",2002,84.5
"CHATTE_SAPC",2003,92
"CHATTE_SAPC",2004,104.5
"CHATTE_SAPC",2005,72
"CHATTE_SAPC",2006,58
"CHATTE_SAPC",2007,58
"CHATTE_SAPC",2008,91
"CHATTE_SAPC",2009,63
"CHATTE_SAPC",2010,41.5
"CHATTE_SAPC",2011,63.5
"CHATTE_SAPC",2012,56.5
"CHATTE_SAPC",2013,59
"CHATTE_SAPC",2014,62
"CHATTE_SAPC",2015,61
"CHATTE_SAPC",2016,38.8
"CHATTE_SAPC",2017,40.8
"CHATTE_SAPC",2018,49.2
"CHATTE_SAPC",2019,53
"CHATTE_SAPC",2020,44.4
"CHATTE_SAPC",2021,79.5
"CHATTE_SAPC",2022,47.1
"VARCES",1950,NA
"VARCES",1951,NA
"VARCES",1952,NA
"VARCES",1953,NA
"VARCES",1954,NA
"VARCES",1955,NA
"VARCES",1956,NA
"VARCES",1957,NA
"VARCES",1958,80.5
"VARCES",1959,57.3
"VARCES",1960,60.2
"VARCES",1961,56
"VARCES",1962,50.6
"VARCES",1963,49.2
"VARCES",1964,39.5
"VARCES",1965,55.2
"VARCES",1966,53
"VARCES",1967,37.2
"VARCES",1968,43
"VARCES",1969,45
"VARCES",1970,59
"VARCES",1971,45.4
"VARCES",1972,32.4
"VARCES",1973,43.6
"VARCES",1974,52
"VARCES",1975,92.5
"VARCES",1976,41.2
"VARCES",1977,46
"VARCES",1978,63
"VARCES",1979,78.1
"VARCES",1980,48.4
"VARCES",1981,53.1
"VARCES",1982,64
"VARCES",1983,73.2
"VARCES",1984,38
"VARCES",1985,44.8
"VARCES",1986,33
"VARCES",1987,33.5
"VARCES",1988,42.5
"VARCES",1989,51.7
"VARCES",1990,63.5
"VARCES",1991,78.5
"VARCES",1992,74.3
"VARCES",1993,54.5
"VARCES",1994,68.3
"VARCES",1995,59.5
"VARCES",1996,47.5
"VARCES",1997,45.4
"VARCES",1998,50.4
"VARCES",1999,52.5
"VARCES",2000,55
"VARCES",2001,56
"VARCES",2002,72
"VARCES",2003,60.5
"VARCES",2004,46.3
"VARCES",2005,36
"VARCES",2006,42.7
"VARCES",2007,53.2
"VARCES",2008,49
"VARCES",2009,35.2
"VARCES",2010,47.4
"VARCES",2011,41.6
"VARCES",2012,55.8
"VARCES",2013,85.4
"VARCES",2014,45.4
"VARCES",2015,33.6
"VARCES",2016,44.6
"VARCES",2017,30.6
"VARCES",2018,44.4
"VARCES",2019,46.1
"VARCES",2020,69.2
"VARCES",2021,67.8
"VARCES",2022,50.3
"VILLARD-DE-LANS",1950,NA
"VILLARD-DE-LANS",1951,NA
"VILLARD-DE-LANS",1952,NA
"VILLARD-DE-LANS",1953,NA
"VILLARD-DE-LANS",1954,NA
"VILLARD-DE-LANS",1955,NA
"VILLARD-DE-LANS",1956,NA
"VILLARD-DE-LANS",1957,NA
"VILLARD-DE-LANS",1958,NA
"VILLARD-DE-LANS",1959,39.5
"VILLARD-DE-LANS",1960,76
"VILLARD-DE-LANS",1961,89.3
"VILLARD-DE-LANS",1962,58.7
"VILLARD-DE-LANS",1963,45
"VILLARD-DE-LANS",1964,41.7
"VILLARD-DE-LANS",1965,42
"VILLARD-DE-LANS",1966,60.9
"VILLARD-DE-LANS",1967,57.2
"VILLARD-DE-LANS",1968,70.4
"VILLARD-DE-LANS",1969,88.8
"VILLARD-DE-LANS",1970,41.5
"VILLARD-DE-LANS",1971,49.2
"VILLARD-DE-LANS",1972,63.5
"VILLARD-DE-LANS",1973,50.5
"VILLARD-DE-LANS",1974,94.8
"VILLARD-DE-LANS",1975,69.2
"VILLARD-DE-LANS",1976,52.7
"VILLARD-DE-LANS",1977,60.3
"VILLARD-DE-LANS",1978,64.3
"VILLARD-DE-LANS",1979,61.7
"VILLARD-DE-LANS",1980,58.7
"VILLARD-DE-LANS",1981,66.2
"VILLARD-DE-LANS",1982,122.3
"VILLARD-DE-LANS",1983,89.9
"VILLARD-DE-LANS",1984,58.4
"VILLARD-DE-LANS",1985,44.3
"VILLARD-DE-LANS",1986,48.5
"VILLARD-DE-LANS",1987,48.3
"VILLARD-DE-LANS",1988,55.5
"VILLARD-DE-LANS",1989,50.3
"VILLARD-DE-LANS",1990,107.2
"VILLARD-DE-LANS",1991,118.5
"VILLARD-DE-LANS",1992,72
"VILLARD-DE-LANS",1993,71.5
"VILLARD-DE-LANS",1994,100.6
"VILLARD-DE-LANS",1995,71.4
"VILLARD-DE-LANS",1996,83.1
"VILLARD-DE-LANS",1997,58.4
"VILLARD-DE-LANS",1998,57.6
"VILLARD-DE-LANS",1999,79.4
"VILLARD-DE-LANS",2000,91.4
"VILLARD-DE-LANS",2001,51.4
"VILLARD-DE-LANS",2002,54.4
"VILLARD-DE-LANS",2003,69.8
"VILLARD-DE-LANS",2004,34.6
"VILLARD-DE-LANS",2005,57.2
"VILLARD-DE-LANS",2006,45.7
"VILLARD-DE-LANS",2007,50.5
"VILLARD-DE-LANS",2008,48.8
"VILLARD-DE-LANS",2009,40.5
"VILLARD-DE-LANS",2010,44.1
"VILLARD-DE-LANS",2011,82.1
"VILLARD-DE-LANS",2012,53.8
"VILLARD-DE-LANS",2013,80.2
"VILLARD-DE-LANS",2014,70.9
"VILLARD-DE-LANS",2015,55.2
"VILLARD-DE-LANS",2016,43.4
"VILLARD-DE-LANS",2017,50.5
"VILLARD-DE-LANS",2018,48.8
"VILLARD-DE-LANS",2019,59
"VILLARD-DE-LANS",2020,62.7
"VILLARD-DE-LANS",2021,71.4
"VILLARD-DE-LANS",2022,65.1
"MONESTIER",1950,66.5
"MONESTIER",1951,49.8
"MONESTIER",1952,42
"MONESTIER",1953,35.8
"MONESTIER",1954,95
"MONESTIER",1955,59.7
"MONESTIER",1956,49.5
"MONESTIER",1957,43
"MONESTIER",1958,52.2
"MONESTIER",1959,51
"MONESTIER",1960,60
"MONESTIER",1961,46.5
"MONESTIER",1962,32.1
"MONESTIER",1963,41.2
"MONESTIER",1964,44.6
"MONESTIER",1965,63.2
"MONESTIER",1966,39.2
"MONESTIER",1967,34.2
"MONESTIER",1968,60.4
"MONESTIER",1969,67.3
"MONESTIER",1970,50.6
"MONESTIER",1971,48.4
"MONESTIER",1972,51.6
"MONESTIER",1973,61.6
"MONESTIER",1974,51.6
"MONESTIER",1975,87.8
"MONESTIER",1976,34.4
"MONESTIER",1977,41.2
"MONESTIER",1978,47.6
"MONESTIER",1979,43.2
"MONESTIER",1980,50.8
"MONESTIER",1981,47.3
"MONESTIER",1982,58.6
"MONESTIER",1983,62.8
"MONESTIER",1984,48.2
"MONESTIER",1985,38.6
"MONESTIER",1986,37.8
"MONESTIER",1987,39.8
"MONESTIER",1988,46.1
"MONESTIER",1989,47.3
"MONESTIER",1990,64.2
"MONESTIER",1991,86.6
"MONESTIER",1992,69.7
"MONESTIER",1993,47.9
"MONESTIER",1994,64.2
"MONESTIER",1995,63.5
"MONESTIER",1996,51.2
"MONESTIER",1997,40.8
"MONESTIER",1998,62.1
"MONESTIER",1999,49.8
"MONESTIER",2000,63.6
"MONESTIER",2001,49.8
"MONESTIER",2002,65.6
"MONESTIER",2003,52.7
"MONESTIER",2004,45.7
"MONESTIER",2005,31.4
"MONESTIER",2006,31.2
"MONESTIER",2007,65.7
"MONESTIER",2008,62.6
"MONESTIER",2009,38.6
"MONESTIER",2010,44.7
"MONESTIER",2011,47.4
"MONESTIER",2012,50.8
"MONESTIER",2013,78.3
"MONESTIER",2014,59.2
"MONESTIER",2015,36.1
"MONESTIER",2016,41.3
"MONESTIER",2017,54.5
"MONESTIER",2018,60.8
"MONESTIER",2019,57.7
"MONESTIER",2020,54.1
"MONESTIER",2021,62.5
"MONESTIER",2022,41.6
"GRESSE",1950,11.6
"GRESSE",1951,NA
"GRESSE",1952,NA
"GRESSE",1953,NA
"GRESSE",1954,NA
"GRESSE",1955,43.7
"GRESSE",1956,55.4
"GRESSE",1957,53.5
"GRESSE",1958,64.2
"GRESSE",1959,86.2
"GRESSE",1960,67.3
"GRESSE",1961,61
"GRESSE",1962,56.5
"GRESSE",1963,59.5
"GRESSE",1964,48
"GRESSE",1965,72
"GRESSE",1966,48.5
"GRESSE",1967,53.2
"GRESSE",1968,64
"GRESSE",1969,47
"GRESSE",1970,65.5
"GRESSE",1971,51.8
"GRESSE",1972,62
"GRESSE",1973,68
"GRESSE",1974,78.5
"GRESSE",1975,91
"GRESSE",1976,43.5
"GRESSE",1977,50
"GRESSE",1978,49
"GRESSE",1979,46.2
"GRESSE",1980,52.5
"GRESSE",1981,51.7
"GRESSE",1982,72.3
"GRESSE",1983,98.6
"GRESSE",1984,47.4
"GRESSE",1985,34.5
"GRESSE",1986,60.7
"GRESSE",1987,37
"GRESSE",1988,42
"GRESSE",1989,44.3
"GRESSE",1990,110.5
"GRESSE",1991,98
"GRESSE",1992,63.2
"GRESSE",1993,58.3
"GRESSE",1994,67.8
"GRESSE",1995,61.5
"GRESSE",1996,61
"GRESSE",1997,52
"GRESSE",1998,49.5
"GRESSE",1999,67.8
"GRESSE",2000,52.5
"GRESSE",2001,52.3
"GRESSE",2002,59.5
"GRESSE",2003,65.5
"GRESSE",2004,67.8
"GRESSE",2005,43.1
"GRESSE",2006,34
"GRESSE",2007,70
"GRESSE",2008,74
"GRESSE",2009,57.3
"GRESSE",2010,45.2
"GRESSE",2011,63.5
"GRESSE",2012,73
"GRESSE",2013,77.5
"GRESSE",2014,71.2
"GRESSE",2015,51.4
"GRESSE",2016,42.6
"GRESSE",2017,64.2
"GRESSE",2018,75
"GRESSE",2019,53.5
"GRESSE",2020,50
"GRESSE",2021,73
"GRESSE",2022,45.4
"ROISSARD",1950,52.2
"ROISSARD",1951,42.1
"ROISSARD",1952,24.3
"ROISSARD",1953,NA
"ROISSARD",1954,NA
"ROISSARD",1955,NA
"ROISSARD",1956,52
"ROISSARD",1957,54.7
"ROISSARD",1958,40
"ROISSARD",1959,55
"ROISSARD",1960,62
"ROISSARD",1961,55.7
"ROISSARD",1962,32.3
"ROISSARD",1963,55
"ROISSARD",1964,44
"ROISSARD",1965,40.8
"ROISSARD",1966,45
"ROISSARD",1967,27.5
"ROISSARD",1968,60
"ROISSARD",1969,55.5
"ROISSARD",1970,38.5
"ROISSARD",1971,52.3
"ROISSARD",1972,36
"ROISSARD",1973,45
"ROISSARD",1974,37.5
"ROISSARD",1975,86
"ROISSARD",1976,35
"ROISSARD",1977,41
"ROISSARD",1978,35
"ROISSARD",1979,44.5
"ROISSARD",1980,41.6
"ROISSARD",1981,40
"ROISSARD",1982,62
"ROISSARD",1983,52
"ROISSARD",1984,41.5
"ROISSARD",1985,36
"ROISSARD",1986,30.6
"ROISSARD",1987,55.5
"ROISSARD",1988,30
"ROISSARD",1989,50.2
"ROISSARD",1990,48.2
"ROISSARD",1991,76.6
"ROISSARD",1992,56.6
"ROISSARD",1993,46
"ROISSARD",1994,62.5
"ROISSARD",1995,37.4
"ROISSARD",1996,40.3
"ROISSARD",1997,30
"ROISSARD",1998,44.9
"ROISSARD",1999,53.1
"ROISSARD",2000,54.8
"ROISSARD",2001,57
"ROISSARD",2002,63
"ROISSARD",2003,51.7
"ROISSARD",2004,41.4
"ROISSARD",2005,33
"ROISSARD",2006,31.5
"ROISSARD",2007,48.8
"ROISSARD",2008,50.9
"ROISSARD",2009,43.1
"ROISSARD",2010,42.5
"ROISSARD",2011,55.5
"ROISSARD",2012,46.5
"ROISSARD",2013,75.3
"ROISSARD",2014,58.6
"ROISSARD",2015,37
"ROISSARD",2016,32.5
"ROISSARD",2017,60
"ROISSARD",2018,51
"ROISSARD",2019,65
"ROISSARD",2020,50
"ROISSARD",2021,65.5
"ROISSARD",2022,56.2
"CHICHILIANNE",1950,NA
"CHICHILIANNE",1951,NA
"CHICHILIANNE",1952,NA
"CHICHILIANNE",1953,NA
"CHICHILIANNE",1954,NA
"CHICHILIANNE",1955,NA
"CHICHILIANNE",1956,NA
"CHICHILIANNE",1957,NA
"CHICHILIANNE",1958,NA
"CHICHILIANNE",1959,NA
"CHICHILIANNE",1960,NA
"CHICHILIANNE",1961,NA
"CHICHILIANNE",1962,45.9
"CHICHILIANNE",1963,52.9
"CHICHILIANNE",1964,51.3
"CHICHILIANNE",1965,42
"CHICHILIANNE",1966,56.4
"CHICHILIANNE",1967,40.5
"CHICHILIANNE",1968,77.1
"CHICHILIANNE",1969,75.5
"CHICHILIANNE",1970,59
"CHICHILIANNE",1971,62.2
"CHICHILIANNE",1972,87.7
"CHICHILIANNE",1973,70.8
"CHICHILIANNE",1974,48.8
"CHICHILIANNE",1975,102.7
"CHICHILIANNE",1976,57
"CHICHILIANNE",1977,47.2
"CHICHILIANNE",1978,45.8
"CHICHILIANNE",1979,70.7
"CHICHILIANNE",1980,52.8
"CHICHILIANNE",1981,46.5
"CHICHILIANNE",1982,93.8
"CHICHILIANNE",1983,73.5
"CHICHILIANNE",1984,42.9
"CHICHILIANNE",1985,47.8
"CHICHILIANNE",1986,37.6
"CHICHILIANNE",1987,66.4
"CHICHILIANNE",1988,40.5
"CHICHILIANNE",1989,52.3
"CHICHILIANNE",1990,92.8
"CHICHILIANNE",1991,87.7
"CHICHILIANNE",1992,80.2
"CHICHILIANNE",1993,60.5
"CHICHILIANNE",1994,70.8
"CHICHILIANNE",1995,98.8
"CHICHILIANNE",1996,84.1
"CHICHILIANNE",1997,43.6
"CHICHILIANNE",1998,47.4
"CHICHILIANNE",1999,64.9
"CHICHILIANNE",2000,64.8
"CHICHILIANNE",2001,75
"CHICHILIANNE",2002,62.2
"CHICHILIANNE",2003,96.5
"CHICHILIANNE",2004,61.7
"CHICHILIANNE",2005,59
"CHICHILIANNE",2006,46.5
"CHICHILIANNE",2007,73
"CHICHILIANNE",2008,78
"CHICHILIANNE",2009,70
"CHICHILIANNE",2010,50
"CHICHILIANNE",2011,61
"CHICHILIANNE",2012,72.1
"CHICHILIANNE",2013,75
"CHICHILIANNE",2014,105
"CHICHILIANNE",2015,65.5
"CHICHILIANNE",2016,53.5
"CHICHILIANNE",2017,59
"CHICHILIANNE",2018,69
"CHICHILIANNE",2019,60.1
"CHICHILIANNE",2020,62
"CHICHILIANNE",2021,NA
"CHICHILIANNE",2022,NA
"CLELLES",1950,NA
"CLELLES",1951,NA
"CLELLES",1952,NA
"CLELLES",1953,NA
"CLELLES",1954,NA
"CLELLES",1955,NA
"CLELLES",1956,NA
"CLELLES",1957,NA
"CLELLES",1958,NA
"CLELLES",1959,NA
"CLELLES",1960,NA
"CLELLES",1961,NA
"CLELLES",1962,29
"CLELLES",1963,40.6
"CLELLES",1964,41.2
"CLELLES",1965,37.1
"CLELLES",1966,48.6
"CLELLES",1967,31.7
"CLELLES",1968,60.6
"CLELLES",1969,70.5
"CLELLES",1970,45.5
"CLELLES",1971,53
"CLELLES",1972,49.1
"CLELLES",1973,65.7
"CLELLES",1974,50.2
"CLELLES",1975,89.5
"CLELLES",1976,40
"CLELLES",1977,53
"CLELLES",1978,53.1
"CLELLES",1979,43.2
"CLELLES",1980,60
"CLELLES",1981,46.5
"CLELLES",1982,79.6
"CLELLES",1983,57.5
"CLELLES",1984,37
"CLELLES",1985,38.3
"CLELLES",1986,31.6
"CLELLES",1987,37.8
"CLELLES",1988,34
"CLELLES",1989,46.5
"CLELLES",1990,69.5
"CLELLES",1991,70
"CLELLES",1992,62
"CLELLES",1993,44.5
"CLELLES",1994,66.3
"CLELLES",1995,49
"CLELLES",1996,67.5
"CLELLES",1997,44.5
"CLELLES",1998,35
"CLELLES",1999,65
"CLELLES",2000,60
"CLELLES",2001,60
"CLELLES",2002,61.5
"CLELLES",2003,80
"CLELLES",2004,49
"CLELLES",2005,35
"CLELLES",2006,33
"CLELLES",2007,40
"CLELLES",2008,94
"CLELLES",2009,60
"CLELLES",2010,52
"CLELLES",2011,58
"CLELLES",2012,69
"CLELLES",2013,62
"CLELLES",2014,66.5
"CLELLES",2015,34
"CLELLES",2016,40
"CLELLES",2017,41
"CLELLES",2018,57
"CLELLES",2019,NA
"CLELLES",2020,NA
"CLELLES",2021,NA
"CLELLES",2022,NA
"ST-MAURICE-EN-TRIEVES",1950,NA
"ST-MAURICE-EN-TRIEVES",1951,NA
"ST-MAURICE-EN-TRIEVES",1952,NA
"ST-MAURICE-EN-TRIEVES",1953,NA
"ST-MAURICE-EN-TRIEVES",1954,NA
"ST-MAURICE-EN-TRIEVES",1955,NA
"ST-MAURICE-EN-TRIEVES",1956,NA
"ST-MAURICE-EN-TRIEVES",1957,NA
"ST-MAURICE-EN-TRIEVES",1958,NA
"ST-MAURICE-EN-TRIEVES",1959,NA
"ST-MAURICE-EN-TRIEVES",1960,NA
"ST-MAURICE-EN-TRIEVES",1961,NA
"ST-MAURICE-EN-TRIEVES",1962,NA
"ST-MAURICE-EN-TRIEVES",1963,NA
"ST-MAURICE-EN-TRIEVES",1964,NA
"ST-MAURICE-EN-TRIEVES",1965,NA
"ST-MAURICE-EN-TRIEVES",1966,NA
"ST-MAURICE-EN-TRIEVES",1967,NA
"ST-MAURICE-EN-TRIEVES",1968,NA
"ST-MAURICE-EN-TRIEVES",1969,67.1
"ST-MAURICE-EN-TRIEVES",1970,63.3
"ST-MAURICE-EN-TRIEVES",1971,75.6
"ST-MAURICE-EN-TRIEVES",1972,86.5
"ST-MAURICE-EN-TRIEVES",1973,56.4
"ST-MAURICE-EN-TRIEVES",1974,60.9
"ST-MAURICE-EN-TRIEVES",1975,74.2
"ST-MAURICE-EN-TRIEVES",1976,60.3
"ST-MAURICE-EN-TRIEVES",1977,61.5
"ST-MAURICE-EN-TRIEVES",1978,42.6
"ST-MAURICE-EN-TRIEVES",1979,63.5
"ST-MAURICE-EN-TRIEVES",1980,56.9
"ST-MAURICE-EN-TRIEVES",1981,62.2
"ST-MAURICE-EN-TRIEVES",1982,96.4
"ST-MAURICE-EN-TRIEVES",1983,51.9
"ST-MAURICE-EN-TRIEVES",1984,64.7
"ST-MAURICE-EN-TRIEVES",1985,75.8
"ST-MAURICE-EN-TRIEVES",1986,52
"ST-MAURICE-EN-TRIEVES",1987,53.4
"ST-MAURICE-EN-TRIEVES",1988,38.8
"ST-MAURICE-EN-TRIEVES",1989,32.8
"ST-MAURICE-EN-TRIEVES",1990,37
"ST-MAURICE-EN-TRIEVES",1991,60
"ST-MAURICE-EN-TRIEVES",1992,47
"ST-MAURICE-EN-TRIEVES",1993,60
"ST-MAURICE-EN-TRIEVES",1994,58
"ST-MAURICE-EN-TRIEVES",1995,100
"ST-MAURICE-EN-TRIEVES",1996,41
"ST-MAURICE-EN-TRIEVES",1997,77.8
"ST-MAURICE-EN-TRIEVES",1998,35.8
"ST-MAURICE-EN-TRIEVES",1999,92
"ST-MAURICE-EN-TRIEVES",2000,84
"ST-MAURICE-EN-TRIEVES",2001,61.8
"ST-MAURICE-EN-TRIEVES",2002,72.6
"ST-MAURICE-EN-TRIEVES",2003,85.8
"ST-MAURICE-EN-TRIEVES",2004,56.6
"ST-MAURICE-EN-TRIEVES",2005,79.6
"ST-MAURICE-EN-TRIEVES",2006,60.1
"ST-MAURICE-EN-TRIEVES",2007,56.2
"ST-MAURICE-EN-TRIEVES",2008,84.5
"ST-MAURICE-EN-TRIEVES",2009,82.5
"ST-MAURICE-EN-TRIEVES",2010,51.6
"ST-MAURICE-EN-TRIEVES",2011,79.5
"ST-MAURICE-EN-TRIEVES",2012,70
"ST-MAURICE-EN-TRIEVES",2013,55.6
"ST-MAURICE-EN-TRIEVES",2014,95.5
"ST-MAURICE-EN-TRIEVES",2015,49.7
"ST-MAURICE-EN-TRIEVES",2016,75.1
"ST-MAURICE-EN-TRIEVES",2017,66.3
"ST-MAURICE-EN-TRIEVES",2018,58.6
"ST-MAURICE-EN-TRIEVES",2019,64.8
"ST-MAURICE-EN-TRIEVES",2020,89.5
"ST-MAURICE-EN-TRIEVES",2021,NA
"ST-MAURICE-EN-TRIEVES",2022,NA
"LA MURE- RADOME",1950,62.3
"LA MURE- RADOME",1951,78.2
"LA MURE- RADOME",1952,54.9
"LA MURE- RADOME",1953,52.3
"LA MURE- RADOME",1954,115.7
"LA MURE- RADOME",1955,89.5
"LA MURE- RADOME",1956,37.4
"LA MURE- RADOME",1957,70.4
"LA MURE- RADOME",1958,84.3
"LA MURE- RADOME",1959,66.4
"LA MURE- RADOME",1960,72.4
"LA MURE- RADOME",1961,72.5
"LA MURE- RADOME",1962,55.8
"LA MURE- RADOME",1963,37.4
"LA MURE- RADOME",1964,38.4
"LA MURE- RADOME",1965,44
"LA MURE- RADOME",1966,45.7
"LA MURE- RADOME",1967,37.6
"LA MURE- RADOME",1968,59.3
"LA MURE- RADOME",1969,62.6
"LA MURE- RADOME",1970,66.7
"LA MURE- RADOME",1971,46.3
"LA MURE- RADOME",1972,46.1
"LA MURE- RADOME",1973,45
"LA MURE- RADOME",1974,81.6
"LA MURE- RADOME",1975,90.5
"LA MURE- RADOME",1976,48.6
"LA MURE- RADOME",1977,72.2
"LA MURE- RADOME",1978,55.4
"LA MURE- RADOME",1979,58.5
"LA MURE- RADOME",1980,74.5
"LA MURE- RADOME",1981,88.4
"LA MURE- RADOME",1982,82.4
"LA MURE- RADOME",1983,96.2
"LA MURE- RADOME",1984,65.5
"LA MURE- RADOME",1985,43
"LA MURE- RADOME",1986,50
"LA MURE- RADOME",1987,48.3
"LA MURE- RADOME",1988,62
"LA MURE- RADOME",1989,44.3
"LA MURE- RADOME",1990,79.4
"LA MURE- RADOME",1991,122.5
"LA MURE- RADOME",1992,48
"LA MURE- RADOME",1993,57
"LA MURE- RADOME",1994,63.4
"LA MURE- RADOME",1995,44.3
"LA MURE- RADOME",1996,62
"LA MURE- RADOME",1997,64.8
"LA MURE- RADOME",1998,36.5
"LA MURE- RADOME",1999,61.5
"LA MURE- RADOME",2000,102.6
"LA MURE- RADOME",2001,48
"LA MURE- RADOME",2002,64.5
"LA MURE- RADOME",2003,40
"LA MURE- RADOME",2004,38.7
"LA MURE- RADOME",2005,33.1
"LA MURE- RADOME",2006,39.4
"LA MURE- RADOME",2007,65.7
"LA MURE- RADOME",2008,55.8
"LA MURE- RADOME",2009,43
"LA MURE- RADOME",2010,49
"LA MURE- RADOME",2011,53.6
"LA MURE- RADOME",2012,50.1
"LA MURE- RADOME",2013,51.7
"LA MURE- RADOME",2014,49.9
"LA MURE- RADOME",2015,44
"LA MURE- RADOME",2016,33.4
"LA MURE- RADOME",2017,57.9
"LA MURE- RADOME",2018,43.3
"LA MURE- RADOME",2019,52.8
"LA MURE- RADOME",2020,46.4
"LA MURE- RADOME",2021,48
"LA MURE- RADOME",2022,40
"SUSVILLE CITE PRE-LUZAT",1950,38
"SUSVILLE CITE PRE-LUZAT",1951,48.5
"SUSVILLE CITE PRE-LUZAT",1952,45.3
"SUSVILLE CITE PRE-LUZAT",1953,40
"SUSVILLE CITE PRE-LUZAT",1954,NA
"SUSVILLE CITE PRE-LUZAT",1955,25.8
"SUSVILLE CITE PRE-LUZAT",1956,31.5
"SUSVILLE CITE PRE-LUZAT",1957,NA
"SUSVILLE CITE PRE-LUZAT",1958,45.3
"SUSVILLE CITE PRE-LUZAT",1959,57.5
"SUSVILLE CITE PRE-LUZAT",1960,51.8
"SUSVILLE CITE PRE-LUZAT",1961,37
"SUSVILLE CITE PRE-LUZAT",1962,38.5
"SUSVILLE CITE PRE-LUZAT",1963,35.5
"SUSVILLE CITE PRE-LUZAT",1964,44.7
"SUSVILLE CITE PRE-LUZAT",1965,34.5
"SUSVILLE CITE PRE-LUZAT",1966,45.4
"SUSVILLE CITE PRE-LUZAT",1967,30.9
"SUSVILLE CITE PRE-LUZAT",1968,47.7
"SUSVILLE CITE PRE-LUZAT",1969,61.8
"SUSVILLE CITE PRE-LUZAT",1970,38.3
"SUSVILLE CITE PRE-LUZAT",1971,57
"SUSVILLE CITE PRE-LUZAT",1972,38.8
"SUSVILLE CITE PRE-LUZAT",1973,44.6
"SUSVILLE CITE PRE-LUZAT",1974,45.4
"SUSVILLE CITE PRE-LUZAT",1975,57.1
"SUSVILLE CITE PRE-LUZAT",1976,41.4
"SUSVILLE CITE PRE-LUZAT",1977,53.8
"SUSVILLE CITE PRE-LUZAT",1978,39.3
"SUSVILLE CITE PRE-LUZAT",1979,42.7
"SUSVILLE CITE PRE-LUZAT",1980,48.4
"SUSVILLE CITE PRE-LUZAT",1981,40.1
"SUSVILLE CITE PRE-LUZAT",1982,65.1
"SUSVILLE CITE PRE-LUZAT",1983,52.8
"SUSVILLE CITE PRE-LUZAT",1984,38.3
"SUSVILLE CITE PRE-LUZAT",1985,38
"SUSVILLE CITE PRE-LUZAT",1986,87.5
"SUSVILLE CITE PRE-LUZAT",1987,52.9
"SUSVILLE CITE PRE-LUZAT",1988,35.7
"SUSVILLE CITE PRE-LUZAT",1989,54
"SUSVILLE CITE PRE-LUZAT",1990,51.5
"SUSVILLE CITE PRE-LUZAT",1991,94.1
"SUSVILLE CITE PRE-LUZAT",1992,33.7
"SUSVILLE CITE PRE-LUZAT",1993,43.2
"SUSVILLE CITE PRE-LUZAT",1994,72.6
"SUSVILLE CITE PRE-LUZAT",1995,43
"SUSVILLE CITE PRE-LUZAT",1996,52
"SUSVILLE CITE PRE-LUZAT",1997,33
"SUSVILLE CITE PRE-LUZAT",1998,34
"SUSVILLE CITE PRE-LUZAT",1999,47.5
"SUSVILLE CITE PRE-LUZAT",2000,86
"SUSVILLE CITE PRE-LUZAT",2001,53
"SUSVILLE CITE PRE-LUZAT",2002,62
"SUSVILLE CITE PRE-LUZAT",2003,50
"SUSVILLE CITE PRE-LUZAT",2004,42
"SUSVILLE CITE PRE-LUZAT",2005,42
"SUSVILLE CITE PRE-LUZAT",2006,41
"SUSVILLE CITE PRE-LUZAT",2007,34.3
"SUSVILLE CITE PRE-LUZAT",2008,50
"SUSVILLE CITE PRE-LUZAT",2009,36
"SUSVILLE CITE PRE-LUZAT",2010,50
"SUSVILLE CITE PRE-LUZAT",2011,48
"SUSVILLE CITE PRE-LUZAT",2012,48
"SUSVILLE CITE PRE-LUZAT",2013,47
"SUSVILLE CITE PRE-LUZAT",2014,45
"SUSVILLE CITE PRE-LUZAT",2015,42.5
"SUSVILLE CITE PRE-LUZAT",2016,30
"SUSVILLE CITE PRE-LUZAT",2017,40
"SUSVILLE CITE PRE-LUZAT",2018,NA
"SUSVILLE CITE PRE-LUZAT",2019,NA
"SUSVILLE CITE PRE-LUZAT",2020,NA
"SUSVILLE CITE PRE-LUZAT",2021,NA
"SUSVILLE CITE PRE-LUZAT",2022,NA
"VALJOUFFREY",1950,73.5
"VALJOUFFREY",1951,45.5
"VALJOUFFREY",1952,55
"VALJOUFFREY",1953,46
"VALJOUFFREY",1954,62.5
"VALJOUFFREY",1955,69.5
"VALJOUFFREY",1956,38.5
"VALJOUFFREY",1957,81.2
"VALJOUFFREY",1958,78.2
"VALJOUFFREY",1959,58.5
"VALJOUFFREY",1960,79.5
"VALJOUFFREY",1961,83.1
"VALJOUFFREY",1962,79.1
"VALJOUFFREY",1963,63.5
"VALJOUFFREY",1964,44.7
"VALJOUFFREY",1965,64.1
"VALJOUFFREY",1966,44.1
"VALJOUFFREY",1967,56.6
"VALJOUFFREY",1968,58.6
"VALJOUFFREY",1969,101.7
"VALJOUFFREY",1970,64
"VALJOUFFREY",1971,56
"VALJOUFFREY",1972,57.5
"VALJOUFFREY",1973,58
"VALJOUFFREY",1974,78
"VALJOUFFREY",1975,92
"VALJOUFFREY",1976,51
"VALJOUFFREY",1977,86
"VALJOUFFREY",1978,63
"VALJOUFFREY",1979,66
"VALJOUFFREY",1980,91
"VALJOUFFREY",1981,75
"VALJOUFFREY",1982,63
"VALJOUFFREY",1983,73
"VALJOUFFREY",1984,55
"VALJOUFFREY",1985,46
"VALJOUFFREY",1986,72
"VALJOUFFREY",1987,47
"VALJOUFFREY",1988,33
"VALJOUFFREY",1989,55.1
"VALJOUFFREY",1990,81.2
"VALJOUFFREY",1991,80.2
"VALJOUFFREY",1992,56.4
"VALJOUFFREY",1993,64.2
"VALJOUFFREY",1994,69.4
"VALJOUFFREY",1995,49.4
"VALJOUFFREY",1996,105.4
"VALJOUFFREY",1997,62.4
"VALJOUFFREY",1998,37.4
"VALJOUFFREY",1999,74.2
"VALJOUFFREY",2000,72.2
"VALJOUFFREY",2001,57.4
"VALJOUFFREY",2002,72
"VALJOUFFREY",2003,80.4
"VALJOUFFREY",2004,61.2
"VALJOUFFREY",2005,43.4
"VALJOUFFREY",2006,42.1
"VALJOUFFREY",2007,44.1
"VALJOUFFREY",2008,45.5
"VALJOUFFREY",2009,72.4
"VALJOUFFREY",2010,44.2
"VALJOUFFREY",2011,88.4
"VALJOUFFREY",2012,111.2
"VALJOUFFREY",2013,72
"VALJOUFFREY",2014,49.2
"VALJOUFFREY",2015,NA
"VALJOUFFREY",2016,NA
"VALJOUFFREY",2017,NA
"VALJOUFFREY",2018,NA
"VALJOUFFREY",2019,NA
"VALJOUFFREY",2020,NA
"VALJOUFFREY",2021,NA
"VALJOUFFREY",2022,NA
"CORPS",1950,70
"CORPS",1951,85.6
"CORPS",1952,72.8
"CORPS",1953,64.8
"CORPS",1954,NA
"CORPS",1955,77.6
"CORPS",1956,46.7
"CORPS",1957,70.3
"CORPS",1958,115
"CORPS",1959,100.6
"CORPS",1960,110.7
"CORPS",1961,64.5
"CORPS",1962,50.8
"CORPS",1963,63
"CORPS",1964,49.7
"CORPS",1965,87.1
"CORPS",1966,58.3
"CORPS",1967,103.1
"CORPS",1968,62.4
"CORPS",1969,75.4
"CORPS",1970,89.3
"CORPS",1971,87
"CORPS",1972,80
"CORPS",1973,39.5
"CORPS",1974,50.5
"CORPS",1975,108.2
"CORPS",1976,51.1
"CORPS",1977,80.7
"CORPS",1978,51.6
"CORPS",1979,63.7
"CORPS",1980,48
"CORPS",1981,100
"CORPS",1982,70.8
"CORPS",1983,65.5
"CORPS",1984,68.8
"CORPS",1985,56
"CORPS",1986,40
"CORPS",1987,40
"CORPS",1988,50
"CORPS",1989,52
"CORPS",1990,66
"CORPS",1991,108
"CORPS",1992,57.5
"CORPS",1993,88
"CORPS",1994,98
"CORPS",1995,58
"CORPS",1996,80
"CORPS",1997,95
"CORPS",1998,32.5
"CORPS",1999,85
"CORPS",2000,98
"CORPS",2001,68
"CORPS",2002,68
"CORPS",2003,115
"CORPS",2004,58
"CORPS",2005,75
"CORPS",2006,50.3
"CORPS",2007,58
"CORPS",2008,55
"CORPS",2009,83
"CORPS",2010,55
"CORPS",2011,137.5
"CORPS",2012,120
"CORPS",2013,60
"CORPS",2014,32.2
"CORPS",2015,40
"CORPS",2016,60
"CORPS",2017,10
"CORPS",2018,NA
"CORPS",2019,NA
"CORPS",2020,NA
"CORPS",2021,NA
"CORPS",2022,NA
"PELLAFOL-SAUTET",1950,59.8
"PELLAFOL-SAUTET",1951,120
"PELLAFOL-SAUTET",1952,38.4
"PELLAFOL-SAUTET",1953,50.3
"PELLAFOL-SAUTET",1954,NA
"PELLAFOL-SAUTET",1955,50.5
"PELLAFOL-SAUTET",1956,47.5
"PELLAFOL-SAUTET",1957,91.6
"PELLAFOL-SAUTET",1958,96.4
"PELLAFOL-SAUTET",1959,68.8
"PELLAFOL-SAUTET",1960,83
"PELLAFOL-SAUTET",1961,64.6
"PELLAFOL-SAUTET",1962,40.3
"PELLAFOL-SAUTET",1963,50.1
"PELLAFOL-SAUTET",1964,35.4
"PELLAFOL-SAUTET",1965,38.5
"PELLAFOL-SAUTET",1966,52
"PELLAFOL-SAUTET",1967,51.5
"PELLAFOL-SAUTET",1968,72.5
"PELLAFOL-SAUTET",1969,53
"PELLAFOL-SAUTET",1970,68
"PELLAFOL-SAUTET",1971,59.2
"PELLAFOL-SAUTET",1972,75
"PELLAFOL-SAUTET",1973,35
"PELLAFOL-SAUTET",1974,50.8
"PELLAFOL-SAUTET",1975,95.5
"PELLAFOL-SAUTET",1976,64
"PELLAFOL-SAUTET",1977,89.5
"PELLAFOL-SAUTET",1978,60.4
"PELLAFOL-SAUTET",1979,69.5
"PELLAFOL-SAUTET",1980,69
"PELLAFOL-SAUTET",1981,59
"PELLAFOL-SAUTET",1982,95.3
"PELLAFOL-SAUTET",1983,63.8
"PELLAFOL-SAUTET",1984,82.1
"PELLAFOL-SAUTET",1985,45.7
"PELLAFOL-SAUTET",1986,43.6
"PELLAFOL-SAUTET",1987,72.6
"PELLAFOL-SAUTET",1988,58.8
"PELLAFOL-SAUTET",1989,50.6
"PELLAFOL-SAUTET",1990,60.1
"PELLAFOL-SAUTET",1991,88
"PELLAFOL-SAUTET",1992,44.1
"PELLAFOL-SAUTET",1993,74.3
"PELLAFOL-SAUTET",1994,198.3
"PELLAFOL-SAUTET",1995,100.2
"PELLAFOL-SAUTET",1996,88.2
"PELLAFOL-SAUTET",1997,78.2
"PELLAFOL-SAUTET",1998,30
"PELLAFOL-SAUTET",1999,77
"PELLAFOL-SAUTET",2000,58.1
"PELLAFOL-SAUTET",2001,48.6
"PELLAFOL-SAUTET",2002,75
"PELLAFOL-SAUTET",2003,97
"PELLAFOL-SAUTET",2004,40
"PELLAFOL-SAUTET",2005,76
"PELLAFOL-SAUTET",2006,54
"PELLAFOL-SAUTET",2007,45.4
"PELLAFOL-SAUTET",2008,59.8
"PELLAFOL-SAUTET",2009,60.3
"PELLAFOL-SAUTET",2010,53.7
"PELLAFOL-SAUTET",2011,108.2
"PELLAFOL-SAUTET",2012,67.5
"PELLAFOL-SAUTET",2013,57.1
"PELLAFOL-SAUTET",2014,110.7
"PELLAFOL-SAUTET",2015,41.3
"PELLAFOL-SAUTET",2016,82.3
"PELLAFOL-SAUTET",2017,67.1
"PELLAFOL-SAUTET",2018,51.4
"PELLAFOL-SAUTET",2019,64.6
"PELLAFOL-SAUTET",2020,66.9
"PELLAFOL-SAUTET",2021,70
"PELLAFOL-SAUTET",2022,41.8
"PELLAFOL-CHANEAUX",1950,63.4
"PELLAFOL-CHANEAUX",1951,45.6
"PELLAFOL-CHANEAUX",1952,41.9
"PELLAFOL-CHANEAUX",1953,54.3
"PELLAFOL-CHANEAUX",1954,55.3
"PELLAFOL-CHANEAUX",1955,52.7
"PELLAFOL-CHANEAUX",1956,NA
"PELLAFOL-CHANEAUX",1957,53.8
"PELLAFOL-CHANEAUX",1958,47.1
"PELLAFOL-CHANEAUX",1959,66.1
"PELLAFOL-CHANEAUX",1960,31.5
"PELLAFOL-CHANEAUX",1961,54.7
"PELLAFOL-CHANEAUX",1962,39.3
"PELLAFOL-CHANEAUX",1963,38.2
"PELLAFOL-CHANEAUX",1964,33.2
"PELLAFOL-CHANEAUX",1965,35.4
"PELLAFOL-CHANEAUX",1966,33.1
"PELLAFOL-CHANEAUX",1967,43.9
"PELLAFOL-CHANEAUX",1968,56.1
"PELLAFOL-CHANEAUX",1969,67.2
"PELLAFOL-CHANEAUX",1970,63
"PELLAFOL-CHANEAUX",1971,47
"PELLAFOL-CHANEAUX",1972,44.6
"PELLAFOL-CHANEAUX",1973,39.9
"PELLAFOL-CHANEAUX",1974,52.7
"PELLAFOL-CHANEAUX",1975,93.5
"PELLAFOL-CHANEAUX",1976,52.5
"PELLAFOL-CHANEAUX",1977,72.2
"PELLAFOL-CHANEAUX",1978,36.6
"PELLAFOL-CHANEAUX",1979,45.7
"PELLAFOL-CHANEAUX",1980,82.3
"PELLAFOL-CHANEAUX",1981,43.3
"PELLAFOL-CHANEAUX",1982,52.2
"PELLAFOL-CHANEAUX",1983,51.2
"PELLAFOL-CHANEAUX",1984,45.7
"PELLAFOL-CHANEAUX",1985,46.8
"PELLAFOL-CHANEAUX",1986,43.5
"PELLAFOL-CHANEAUX",1987,49.3
"PELLAFOL-CHANEAUX",1988,58.3
"PELLAFOL-CHANEAUX",1989,52.1
"PELLAFOL-CHANEAUX",1990,61.6
"PELLAFOL-CHANEAUX",1991,69.4
"PELLAFOL-CHANEAUX",1992,42.3
"PELLAFOL-CHANEAUX",1993,61.2
"PELLAFOL-CHANEAUX",1994,75.5
"PELLAFOL-CHANEAUX",1995,74.5
"PELLAFOL-CHANEAUX",1996,52
"PELLAFOL-CHANEAUX",1997,40.2
"PELLAFOL-CHANEAUX",1998,26.7
"PELLAFOL-CHANEAUX",1999,37
"PELLAFOL-CHANEAUX",2000,68.7
"PELLAFOL-CHANEAUX",2001,56
"PELLAFOL-CHANEAUX",2002,65.7
"PELLAFOL-CHANEAUX",2003,57
"PELLAFOL-CHANEAUX",2004,48.3
"PELLAFOL-CHANEAUX",2005,41.4
"PELLAFOL-CHANEAUX",2006,32
"PELLAFOL-CHANEAUX",2007,54.8
"PELLAFOL-CHANEAUX",2008,45.4
"PELLAFOL-CHANEAUX",2009,60
"PELLAFOL-CHANEAUX",2010,55
"PELLAFOL-CHANEAUX",2011,60
"PELLAFOL-CHANEAUX",2012,75
"PELLAFOL-CHANEAUX",2013,55.3
"PELLAFOL-CHANEAUX",2014,102
"PELLAFOL-CHANEAUX",2015,71
"PELLAFOL-CHANEAUX",2016,80
"PELLAFOL-CHANEAUX",2017,54
"PELLAFOL-CHANEAUX",2018,51
"PELLAFOL-CHANEAUX",2019,56.2
"PELLAFOL-CHANEAUX",2020,63.1
"PELLAFOL-CHANEAUX",2021,70
"PELLAFOL-CHANEAUX",2022,36.5
"REVEL",1950,55
"REVEL",1951,41
"REVEL",1952,45
"REVEL",1953,33.8
"REVEL",1954,70.1
"REVEL",1955,52.6
"REVEL",1956,68.9
"REVEL",1957,51
"REVEL",1958,65
"REVEL",1959,72.3
"REVEL",1960,68
"REVEL",1961,51
"REVEL",1962,36
"REVEL",1963,32.7
"REVEL",1964,36.4
"REVEL",1965,47
"REVEL",1966,57.5
"REVEL",1967,50
"REVEL",1968,50.5
"REVEL",1969,54
"REVEL",1970,59.2
"REVEL",1971,42.3
"REVEL",1972,43.8
"REVEL",1973,41.5
"REVEL",1974,54.5
"REVEL",1975,79.2
"REVEL",1976,57.5
"REVEL",1977,52
"REVEL",1978,65
"REVEL",1979,44.2
"REVEL",1980,56.8
"REVEL",1981,50.8
"REVEL",1982,49
"REVEL",1983,74
"REVEL",1984,38.7
"REVEL",1985,49
"REVEL",1986,39.2
"REVEL",1987,49.5
"REVEL",1988,48.7
"REVEL",1989,46.8
"REVEL",1990,67.8
"REVEL",1991,79.5
"REVEL",1992,65.2
"REVEL",1993,52.5
"REVEL",1994,75
"REVEL",1995,50.5
"REVEL",1996,44.2
"REVEL",1997,46
"REVEL",1998,63
"REVEL",1999,42.3
"REVEL",2000,65
"REVEL",2001,46
"REVEL",2002,59.2
"REVEL",2003,50.3
"REVEL",2004,41.5
"REVEL",2005,56.5
"REVEL",2006,39
"REVEL",2007,55.5
"REVEL",2008,56.4
"REVEL",2009,36.5
"REVEL",2010,50.9
"REVEL",2011,62.5
"REVEL",2012,38.5
"REVEL",2013,NA
"REVEL",2014,NA
"REVEL",2015,61.2
"REVEL",2016,39.8
"REVEL",2017,48.1
"REVEL",2018,55.7
"REVEL",2019,61
"REVEL",2020,62.3
"REVEL",2021,42.8
"REVEL",2022,44.2
"CHAMROUSSE",1950,NA
"CHAMROUSSE",1951,NA
"CHAMROUSSE",1952,NA
"CHAMROUSSE",1953,NA
"CHAMROUSSE",1954,NA
"CHAMROUSSE",1955,NA
"CHAMROUSSE",1956,NA
"CHAMROUSSE",1957,NA
"CHAMROUSSE",1958,NA
"CHAMROUSSE",1959,NA
"CHAMROUSSE",1960,NA
"CHAMROUSSE",1961,NA
"CHAMROUSSE",1962,NA
"CHAMROUSSE",1963,NA
"CHAMROUSSE",1964,NA
"CHAMROUSSE",1965,NA
"CHAMROUSSE",1966,NA
"CHAMROUSSE",1967,NA
"CHAMROUSSE",1968,NA
"CHAMROUSSE",1969,NA
"CHAMROUSSE",1970,NA
"CHAMROUSSE",1971,59
"CHAMROUSSE",1972,63
"CHAMROUSSE",1973,43
"CHAMROUSSE",1974,14
"CHAMROUSSE",1975,50
"CHAMROUSSE",1976,27
"CHAMROUSSE",1977,1
"CHAMROUSSE",1978,4
"CHAMROUSSE",1979,0
"CHAMROUSSE",1980,68
"CHAMROUSSE",1981,74
"CHAMROUSSE",1982,31
"CHAMROUSSE",1983,55
"CHAMROUSSE",1984,35
"CHAMROUSSE",1985,36
"CHAMROUSSE",1986,3
"CHAMROUSSE",1987,54
"CHAMROUSSE",1988,40
"CHAMROUSSE",1989,41.5
"CHAMROUSSE",1990,60
"CHAMROUSSE",1991,43
"CHAMROUSSE",1992,73.9
"CHAMROUSSE",1993,62.8
"CHAMROUSSE",1994,70.5
"CHAMROUSSE",1995,57.4
"CHAMROUSSE",1996,73.1
"CHAMROUSSE",1997,49.2
"CHAMROUSSE",1998,50
"CHAMROUSSE",1999,51
"CHAMROUSSE",2000,35
"CHAMROUSSE",2001,53.4
"CHAMROUSSE",2002,49.9
"CHAMROUSSE",2003,42.6
"CHAMROUSSE",2004,46.1
"CHAMROUSSE",2005,99.5
"CHAMROUSSE",2006,29.5
"CHAMROUSSE",2007,38.3
"CHAMROUSSE",2008,57.5
"CHAMROUSSE",2009,37.2
"CHAMROUSSE",2010,48.4
"CHAMROUSSE",2011,63.1
"CHAMROUSSE",2012,50.7
"CHAMROUSSE",2013,64.1
"CHAMROUSSE",2014,50
"CHAMROUSSE",2015,62.1
"CHAMROUSSE",2016,36.8
"CHAMROUSSE",2017,47.1
"CHAMROUSSE",2018,56.4
"CHAMROUSSE",2019,50.9
"CHAMROUSSE",2020,55.3
"CHAMROUSSE",2021,43
"CHAMROUSSE",2022,34.7
"LAVALDENS",1950,58.8
"LAVALDENS",1951,42.1
"LAVALDENS",1952,NA
"LAVALDENS",1953,NA
"LAVALDENS",1954,NA
"LAVALDENS",1955,71.6
"LAVALDENS",1956,54.6
"LAVALDENS",1957,54.5
"LAVALDENS",1958,77.9
"LAVALDENS",1959,55.1
"LAVALDENS",1960,50
"LAVALDENS",1961,70
"LAVALDENS",1962,39.5
"LAVALDENS",1963,38.3
"LAVALDENS",1964,49.8
"LAVALDENS",1965,53.9
"LAVALDENS",1966,71.9
"LAVALDENS",1967,45.6
"LAVALDENS",1968,67.9
"LAVALDENS",1969,66.2
"LAVALDENS",1970,47.3
"LAVALDENS",1971,54.7
"LAVALDENS",1972,48
"LAVALDENS",1973,75
"LAVALDENS",1974,61
"LAVALDENS",1975,76.4
"LAVALDENS",1976,54.3
"LAVALDENS",1977,80.2
"LAVALDENS",1978,81.9
"LAVALDENS",1979,53.9
"LAVALDENS",1980,64.8
"LAVALDENS",1981,74.7
"LAVALDENS",1982,65
"LAVALDENS",1983,82.4
"LAVALDENS",1984,44.1
"LAVALDENS",1985,47
"LAVALDENS",1986,49
"LAVALDENS",1987,51.4
"LAVALDENS",1988,44.7
"LAVALDENS",1989,53.6
"LAVALDENS",1990,77.9
"LAVALDENS",1991,104.1
"LAVALDENS",1992,62.7
"LAVALDENS",1993,64.6
"LAVALDENS",1994,79.1
"LAVALDENS",1995,48.7
"LAVALDENS",1996,64.6
"LAVALDENS",1997,46.1
"LAVALDENS",1998,49.9
"LAVALDENS",1999,71.8
"LAVALDENS",2000,98.9
"LAVALDENS",2001,47.9
"LAVALDENS",2002,48
"LAVALDENS",2003,64
"LAVALDENS",2004,55.2
"LAVALDENS",2005,40
"LAVALDENS",2006,44
"LAVALDENS",2007,49.1
"LAVALDENS",2008,45.2
"LAVALDENS",2009,48
"LAVALDENS",2010,55.5
"LAVALDENS",2011,90.5
"LAVALDENS",2012,72
"LAVALDENS",2013,60.5
"LAVALDENS",2014,54
"LAVALDENS",2015,49
"LAVALDENS",2016,36.5
"LAVALDENS",2017,54
"LAVALDENS",2018,49
"LAVALDENS",2019,50
"LAVALDENS",2020,59
"LAVALDENS",2021,55
"LAVALDENS",2022,51.7
"Les 2 ALpes Jandri",1950,NA
"Les 2 ALpes Jandri",1951,NA
"Les 2 ALpes Jandri",1952,45.6
"Les 2 ALpes Jandri",1953,34
"Les 2 ALpes Jandri",1954,60
"Les 2 ALpes Jandri",1955,67.2
"Les 2 ALpes Jandri",1956,54
"Les 2 ALpes Jandri",1957,NA
"Les 2 ALpes Jandri",1958,70
"Les 2 ALpes Jandri",1959,63
"Les 2 ALpes Jandri",1960,55
"Les 2 ALpes Jandri",1961,42
"Les 2 ALpes Jandri",1962,50
"Les 2 ALpes Jandri",1963,46.5
"Les 2 ALpes Jandri",1964,47
"Les 2 ALpes Jandri",1965,50.5
"Les 2 ALpes Jandri",1966,39
"Les 2 ALpes Jandri",1967,28
"Les 2 ALpes Jandri",1968,57
"Les 2 ALpes Jandri",1969,NA
"Les 2 ALpes Jandri",1970,NA
"Les 2 ALpes Jandri",1971,20
"Les 2 ALpes Jandri",1972,74
"Les 2 ALpes Jandri",1973,NA
"Les 2 ALpes Jandri",1974,NA
"Les 2 ALpes Jandri",1975,0
"Les 2 ALpes Jandri",1976,15
"Les 2 ALpes Jandri",1977,NA
"Les 2 ALpes Jandri",1978,NA
"Les 2 ALpes Jandri",1979,NA
"Les 2 ALpes Jandri",1980,59
"Les 2 ALpes Jandri",1981,64
"Les 2 ALpes Jandri",1982,20
"Les 2 ALpes Jandri",1983,26
"Les 2 ALpes Jandri",1984,32
"Les 2 ALpes Jandri",1985,50
"Les 2 ALpes Jandri",1986,98
"Les 2 ALpes Jandri",1987,46
"Les 2 ALpes Jandri",1988,37
"Les 2 ALpes Jandri",1989,42
"Les 2 ALpes Jandri",1990,82
"Les 2 ALpes Jandri",1991,84
"Les 2 ALpes Jandri",1992,46
"Les 2 ALpes Jandri",1993,47.5
"Les 2 ALpes Jandri",1994,58
"Les 2 ALpes Jandri",1995,63
"Les 2 ALpes Jandri",1996,60.1
"Les 2 ALpes Jandri",1997,61.5
"Les 2 ALpes Jandri",1998,42
"Les 2 ALpes Jandri",1999,55
"Les 2 ALpes Jandri",2000,40
"Les 2 ALpes Jandri",2001,43
"Les 2 ALpes Jandri",2002,53
"Les 2 ALpes Jandri",2003,110
"Les 2 ALpes Jandri",2004,37
"Les 2 ALpes Jandri",2005,30
"Les 2 ALpes Jandri",2006,32
"Les 2 ALpes Jandri",2007,35
"Les 2 ALpes Jandri",2008,44.5
"Les 2 ALpes Jandri",2009,100
"Les 2 ALpes Jandri",2010,36
"Les 2 ALpes Jandri",2011,53
"Les 2 ALpes Jandri",2012,30
"Les 2 ALpes Jandri",2013,24
"Les 2 ALpes Jandri",2014,31
"Les 2 ALpes Jandri",2015,39
"Les 2 ALpes Jandri",2016,19.5
"Les 2 ALpes Jandri",2017,12.4
"Les 2 ALpes Jandri",2018,30.5
"Les 2 ALpes Jandri",2019,45
"Les 2 ALpes Jandri",2020,30.2
"Les 2 ALpes Jandri",2021,19.1
"Les 2 ALpes Jandri",2022,20.5
"BESSE",1950,52.6
"BESSE",1951,36.3
"BESSE",1952,50.1
"BESSE",1953,34.7
"BESSE",1954,51.5
"BESSE",1955,76.1
"BESSE",1956,27.5
"BESSE",1957,50.8
"BESSE",1958,60.3
"BESSE",1959,37.1
"BESSE",1960,52.5
"BESSE",1961,55
"BESSE",1962,81.1
"BESSE",1963,41
"BESSE",1964,38.9
"BESSE",1965,47
"BESSE",1966,42.8
"BESSE",1967,39.2
"BESSE",1968,61.2
"BESSE",1969,59.2
"BESSE",1970,48.6
"BESSE",1971,51.3
"BESSE",1972,36.8
"BESSE",1973,64.1
"BESSE",1974,66.1
"BESSE",1975,57.2
"BESSE",1976,43.7
"BESSE",1977,30.6
"BESSE",1978,68
"BESSE",1979,57
"BESSE",1980,46.3
"BESSE",1981,57.7
"BESSE",1982,50.3
"BESSE",1983,101.1
"BESSE",1984,32.8
"BESSE",1985,57.5
"BESSE",1986,69.6
"BESSE",1987,48.5
"BESSE",1988,62
"BESSE",1989,33.4
"BESSE",1990,98.5
"BESSE",1991,64.6
"BESSE",1992,55.3
"BESSE",1993,48.3
"BESSE",1994,53
"BESSE",1995,48.2
"BESSE",1996,49
"BESSE",1997,42
"BESSE",1998,41
"BESSE",1999,42.8
"BESSE",2000,33.5
"BESSE",2001,51.7
"BESSE",2002,45.7
"BESSE",2003,50.2
"BESSE",2004,70.2
"BESSE",2005,38.6
"BESSE",2006,31.5
"BESSE",2007,48
"BESSE",2008,42.7
"BESSE",2009,51
"BESSE",2010,39.2
"BESSE",2011,48.1
"BESSE",2012,74.8
"BESSE",2013,48.8
"BESSE",2014,36.1
"BESSE",2015,96.3
"BESSE",2016,34.5
"BESSE",2017,58.3
"BESSE",2018,50.5
"BESSE",2019,42.4
"BESSE",2020,51
"BESSE",2021,42.8
"BESSE",2022,52.9
"AURIS",1950,NA
"AURIS",1951,NA
"AURIS",1952,47.5
"AURIS",1953,36
"AURIS",1954,83.5
"AURIS",1955,81.2
"AURIS",1956,42.3
"AURIS",1957,58.6
"AURIS",1958,71.8
"AURIS",1959,43.5
"AURIS",1960,59.2
"AURIS",1961,50.5
"AURIS",1962,60.4
"AURIS",1963,41.3
"AURIS",1964,45.4
"AURIS",1965,45
"AURIS",1966,52.4
"AURIS",1967,33.9
"AURIS",1968,70.3
"AURIS",1969,69.5
"AURIS",1970,44.4
"AURIS",1971,60.8
"AURIS",1972,39.8
"AURIS",1973,NA
"AURIS",1974,NA
"AURIS",1975,NA
"AURIS",1976,36.5
"AURIS",1977,42
"AURIS",1978,60
"AURIS",1979,45.6
"AURIS",1980,53
"AURIS",1981,38
"AURIS",1982,36.1
"AURIS",1983,74
"AURIS",1984,37
"AURIS",1985,44
"AURIS",1986,52
"AURIS",1987,51
"AURIS",1988,43
"AURIS",1989,35
"AURIS",1990,82
"AURIS",1991,96.6
"AURIS",1992,51
"AURIS",1993,99
"AURIS",1994,99
"AURIS",1995,52
"AURIS",1996,45.5
"AURIS",1997,99.9
"AURIS",1998,47
"AURIS",1999,49
"AURIS",2000,56
"AURIS",2001,99.2
"AURIS",2002,21
"AURIS",2003,26.5
"AURIS",2004,60.5
"AURIS",2005,30.5
"AURIS",2006,33
"AURIS",2007,40.7
"AURIS",2008,39
"AURIS",2009,43.9
"AURIS",2010,22.8
"AURIS",2011,37
"AURIS",2012,23.5
"AURIS",2013,27
"AURIS",2014,27.2
"AURIS",2015,59.5
"AURIS",2016,32
"AURIS",2017,39.3
"AURIS",2018,64
"AURIS",2019,36.5
"AURIS",2020,35.3
"AURIS",2021,30.7
"AURIS",2022,29
"ORNON",1950,64.5
"ORNON",1951,39.6
"ORNON",1952,55.5
"ORNON",1953,43.7
"ORNON",1954,77.2
"ORNON",1955,65.7
"ORNON",1956,51.4
"ORNON",1957,60
"ORNON",1958,70.9
"ORNON",1959,44.3
"ORNON",1960,64.2
"ORNON",1961,89.3
"ORNON",1962,65.5
"ORNON",1963,49.1
"ORNON",1964,45
"ORNON",1965,47
"ORNON",1966,63
"ORNON",1967,42.6
"ORNON",1968,120.5
"ORNON",1969,66
"ORNON",1970,56.3
"ORNON",1971,47
"ORNON",1972,45.5
"ORNON",1973,71
"ORNON",1974,74.5
"ORNON",1975,105.3
"ORNON",1976,64.3
"ORNON",1977,60.2
"ORNON",1978,62.5
"ORNON",1979,62.2
"ORNON",1980,50.1
"ORNON",1981,56.8
"ORNON",1982,58.2
"ORNON",1983,96.8
"ORNON",1984,42.5
"ORNON",1985,52.2
"ORNON",1986,85.2
"ORNON",1987,65.9
"ORNON",1988,66.7
"ORNON",1989,38.9
"ORNON",1990,137.1
"ORNON",1991,119.5
"ORNON",1992,83.5
"ORNON",1993,54
"ORNON",1994,72.4
"ORNON",1995,57.2
"ORNON",1996,61.9
"ORNON",1997,43.3
"ORNON",1998,49.1
"ORNON",1999,62.7
"ORNON",2000,76.5
"ORNON",2001,73.5
"ORNON",2002,61.7
"ORNON",2003,53.5
"ORNON",2004,60
"ORNON",2005,42.8
"ORNON",2006,40.3
"ORNON",2007,42.2
"ORNON",2008,54
"ORNON",2009,68.8
"ORNON",2010,62
"ORNON",2011,66.6
"ORNON",2012,88
"ORNON",2013,79
"ORNON",2014,46
"ORNON",2015,115
"ORNON",2016,51.2
"ORNON",2017,67
"ORNON",2018,52.4
"ORNON",2019,60
"ORNON",2020,59.5
"ORNON",2021,64
"ORNON",2022,63.5
"L Alpe d Huez SATA 1860",1950,NA
"L Alpe d Huez SATA 1860",1951,NA
"L Alpe d Huez SATA 1860",1952,NA
"L Alpe d Huez SATA 1860",1953,NA
"L Alpe d Huez SATA 1860",1954,NA
"L Alpe d Huez SATA 1860",1955,NA
"L Alpe d Huez SATA 1860",1956,NA
"L Alpe d Huez SATA 1860",1957,NA
"L Alpe d Huez SATA 1860",1958,NA
"L Alpe d Huez SATA 1860",1959,NA
"L Alpe d Huez SATA 1860",1960,NA
"L Alpe d Huez SATA 1860",1961,NA
"L Alpe d Huez SATA 1860",1962,NA
"L Alpe d Huez SATA 1860",1963,NA
"L Alpe d Huez SATA 1860",1964,NA
"L Alpe d Huez SATA 1860",1965,NA
"L Alpe d Huez SATA 1860",1966,NA
"L Alpe d Huez SATA 1860",1967,NA
"L Alpe d Huez SATA 1860",1968,NA
"L Alpe d Huez SATA 1860",1969,NA
"L Alpe d Huez SATA 1860",1970,17
"L Alpe d Huez SATA 1860",1971,76
"L Alpe d Huez SATA 1860",1972,18
"L Alpe d Huez SATA 1860",1973,48
"L Alpe d Huez SATA 1860",1974,66
"L Alpe d Huez SATA 1860",1975,10
"L Alpe d Huez SATA 1860",1976,18
"L Alpe d Huez SATA 1860",1977,NA
"L Alpe d Huez SATA 1860",1978,NA
"L Alpe d Huez SATA 1860",1979,70
"L Alpe d Huez SATA 1860",1980,37
"L Alpe d Huez SATA 1860",1981,26
"L Alpe d Huez SATA 1860",1982,22
"L Alpe d Huez SATA 1860",1983,70
"L Alpe d Huez SATA 1860",1984,5
"L Alpe d Huez SATA 1860",1985,10
"L Alpe d Huez SATA 1860",1986,30
"L Alpe d Huez SATA 1860",1987,32
"L Alpe d Huez SATA 1860",1988,57.4
"L Alpe d Huez SATA 1860",1989,36
"L Alpe d Huez SATA 1860",1990,60
"L Alpe d Huez SATA 1860",1991,43.2
"L Alpe d Huez SATA 1860",1992,43.8
"L Alpe d Huez SATA 1860",1993,57.1
"L Alpe d Huez SATA 1860",1994,70.3
"L Alpe d Huez SATA 1860",1995,57.6
"L Alpe d Huez SATA 1860",1996,57.6
"L Alpe d Huez SATA 1860",1997,42.3
"L Alpe d Huez SATA 1860",1998,43.8
"L Alpe d Huez SATA 1860",1999,48.3
"L Alpe d Huez SATA 1860",2000,50
"L Alpe d Huez SATA 1860",2001,58.7
"L Alpe d Huez SATA 1860",2002,60.5
"L Alpe d Huez SATA 1860",2003,45
"L Alpe d Huez SATA 1860",2004,75
"L Alpe d Huez SATA 1860",2005,38.1
"L Alpe d Huez SATA 1860",2006,44
"L Alpe d Huez SATA 1860",2007,42.5
"L Alpe d Huez SATA 1860",2008,50
"L Alpe d Huez SATA 1860",2009,50
"L Alpe d Huez SATA 1860",2010,44.2
"L Alpe d Huez SATA 1860",2011,67.2
"L Alpe d Huez SATA 1860",2012,71.6
"L Alpe d Huez SATA 1860",2013,64
"L Alpe d Huez SATA 1860",2014,38.4
"L Alpe d Huez SATA 1860",2015,54.2
"L Alpe d Huez SATA 1860",2016,35.3
"L Alpe d Huez SATA 1860",2017,63
"L Alpe d Huez SATA 1860",2018,70.7
"L Alpe d Huez SATA 1860",2019,47
"L Alpe d Huez SATA 1860",2020,50
"L Alpe d Huez SATA 1860",2021,47.8
"L Alpe d Huez SATA 1860",2022,50.9
"ALLEMOND",1950,NA
"ALLEMOND",1951,NA
"ALLEMOND",1952,NA
"ALLEMOND",1953,NA
"ALLEMOND",1954,NA
"ALLEMOND",1955,NA
"ALLEMOND",1956,NA
"ALLEMOND",1957,NA
"ALLEMOND",1958,NA
"ALLEMOND",1959,62.4
"ALLEMOND",1960,68
"ALLEMOND",1961,96
"ALLEMOND",1962,74.7
"ALLEMOND",1963,58
"ALLEMOND",1964,49.5
"ALLEMOND",1965,71.4
"ALLEMOND",1966,72
"ALLEMOND",1967,65
"ALLEMOND",1968,145.2
"ALLEMOND",1969,68.6
"ALLEMOND",1970,59.8
"ALLEMOND",1971,83.5
"ALLEMOND",1972,58.9
"ALLEMOND",1973,95
"ALLEMOND",1974,100.7
"ALLEMOND",1975,76.7
"ALLEMOND",1976,84.6
"ALLEMOND",1977,65
"ALLEMOND",1978,80
"ALLEMOND",1979,96
"ALLEMOND",1980,80
"ALLEMOND",1981,75
"ALLEMOND",1982,73
"ALLEMOND",1983,114
"ALLEMOND",1984,71
"ALLEMOND",1985,58
"ALLEMOND",1986,98
"ALLEMOND",1987,57
"ALLEMOND",1988,80
"ALLEMOND",1989,57
"ALLEMOND",1990,110
"ALLEMOND",1991,65
"ALLEMOND",1992,71
"ALLEMOND",1993,76
"ALLEMOND",1994,82
"ALLEMOND",1995,63
"ALLEMOND",1996,78
"ALLEMOND",1997,80
"ALLEMOND",1998,66.5
"ALLEMOND",1999,60.5
"ALLEMOND",2000,73
"ALLEMOND",2001,98
"ALLEMOND",2002,61
"ALLEMOND",2003,66
"ALLEMOND",2004,83.3
"ALLEMOND",2005,79.3
"ALLEMOND",2006,48
"ALLEMOND",2007,56.7
"ALLEMOND",2008,61.8
"ALLEMOND",2009,67
"ALLEMOND",2010,79.8
"ALLEMOND",2011,73.9
"ALLEMOND",2012,92.7
"ALLEMOND",2013,75.1
"ALLEMOND",2014,71.3
"ALLEMOND",2015,105.1
"ALLEMOND",2016,49.4
"ALLEMOND",2017,119.2
"ALLEMOND",2018,64
"ALLEMOND",2019,67.4
"ALLEMOND",2020,107.2
"ALLEMOND",2021,66.5
"ALLEMOND",2022,66.2
"Prapoutel Pipay",1950,NA
"Prapoutel Pipay",1951,NA
"Prapoutel Pipay",1952,NA
"Prapoutel Pipay",1953,NA
"Prapoutel Pipay",1954,NA
"Prapoutel Pipay",1955,NA
"Prapoutel Pipay",1956,NA
"Prapoutel Pipay",1957,NA
"Prapoutel Pipay",1958,NA
"Prapoutel Pipay",1959,NA
"Prapoutel Pipay",1960,NA
"Prapoutel Pipay",1961,NA
"Prapoutel Pipay",1962,NA
"Prapoutel Pipay",1963,NA
"Prapoutel Pipay",1964,NA
"Prapoutel Pipay",1965,NA
"Prapoutel Pipay",1966,NA
"Prapoutel Pipay",1967,NA
"Prapoutel Pipay",1968,NA
"Prapoutel Pipay",1969,NA
"Prapoutel Pipay",1970,NA
"Prapoutel Pipay",1971,NA
"Prapoutel Pipay",1972,55
"Prapoutel Pipay",1973,25
"Prapoutel Pipay",1974,30
"Prapoutel Pipay",1975,37
"Prapoutel Pipay",1976,24
"Prapoutel Pipay",1977,9
"Prapoutel Pipay",1978,62
"Prapoutel Pipay",1979,24
"Prapoutel Pipay",1980,26
"Prapoutel Pipay",1981,32
"Prapoutel Pipay",1982,33
"Prapoutel Pipay",1983,38
"Prapoutel Pipay",1984,0
"Prapoutel Pipay",1985,40
"Prapoutel Pipay",1986,33
"Prapoutel Pipay",1987,39
"Prapoutel Pipay",1988,39
"Prapoutel Pipay",1989,25
"Prapoutel Pipay",1990,NA
"Prapoutel Pipay",1991,6
"Prapoutel Pipay",1992,NA
"Prapoutel Pipay",1993,44
"Prapoutel Pipay",1994,32
"Prapoutel Pipay",1995,29.7
"Prapoutel Pipay",1996,34.2
"Prapoutel Pipay",1997,19.7
"Prapoutel Pipay",1998,40
"Prapoutel Pipay",1999,40.6
"Prapoutel Pipay",2000,44
"Prapoutel Pipay",2001,36.8
"Prapoutel Pipay",2002,30
"Prapoutel Pipay",2003,5
"Prapoutel Pipay",2004,26.5
"Prapoutel Pipay",2005,24.9
"Prapoutel Pipay",2006,34
"Prapoutel Pipay",2007,21.2
"Prapoutel Pipay",2008,30.5
"Prapoutel Pipay",2009,34.9
"Prapoutel Pipay",2010,43.4
"Prapoutel Pipay",2011,94
"Prapoutel Pipay",2012,52.8
"Prapoutel Pipay",2013,69.5
"Prapoutel Pipay",2014,62.1
"Prapoutel Pipay",2015,59.5
"Prapoutel Pipay",2016,46.1
"Prapoutel Pipay",2017,80
"Prapoutel Pipay",2018,52.5
"Prapoutel Pipay",2019,67.2
"Prapoutel Pipay",2020,63.9
"Prapoutel Pipay",2021,56.5
"Prapoutel Pipay",2022,43.4
"SABLONS",1950,NA
"SABLONS",1951,NA
"SABLONS",1952,NA
"SABLONS",1953,NA
"SABLONS",1954,NA
"SABLONS",1955,NA
"SABLONS",1956,NA
"SABLONS",1957,NA
"SABLONS",1958,NA
"SABLONS",1959,53
"SABLONS",1960,80.5
"SABLONS",1961,64
"SABLONS",1962,26.2
"SABLONS",1963,105.1
"SABLONS",1964,31.6
"SABLONS",1965,42.8
"SABLONS",1966,44.4
"SABLONS",1967,48.6
"SABLONS",1968,56.7
"SABLONS",1969,31.5
"SABLONS",1970,110
"SABLONS",1971,42.9
"SABLONS",1972,59.7
"SABLONS",1973,89.5
"SABLONS",1974,46.5
"SABLONS",1975,39
"SABLONS",1976,64.1
"SABLONS",1977,62.3
"SABLONS",1978,63.2
"SABLONS",1979,70
"SABLONS",1980,76
"SABLONS",1981,100
"SABLONS",1982,80
"SABLONS",1983,55.5
"SABLONS",1984,54
"SABLONS",1985,50
"SABLONS",1986,53
"SABLONS",1987,75
"SABLONS",1988,78
"SABLONS",1989,65
"SABLONS",1990,40
"SABLONS",1991,86
"SABLONS",1992,60
"SABLONS",1993,76
"SABLONS",1994,65
"SABLONS",1995,68.5
"SABLONS",1996,87
"SABLONS",1997,43.7
"SABLONS",1998,53.5
"SABLONS",1999,108
"SABLONS",2000,87.8
"SABLONS",2001,43.5
"SABLONS",2002,67
"SABLONS",2003,88
"SABLONS",2004,60
"SABLONS",2005,60.3
"SABLONS",2006,96
"SABLONS",2007,56
"SABLONS",2008,45.6
"SABLONS",2009,58.2
"SABLONS",2010,48
"SABLONS",2011,50
"SABLONS",2012,62.6
"SABLONS",2013,66.8
"SABLONS",2014,76.1
"SABLONS",2015,69.3
"SABLONS",2016,34
"SABLONS",2017,61.4
"SABLONS",2018,48.7
"SABLONS",2019,53.8
"SABLONS",2020,70.4
"SABLONS",2021,146.4
"SABLONS",2022,39.5
"BEAUREPAIRE",1950,120
"BEAUREPAIRE",1951,51.5
"BEAUREPAIRE",1952,44
"BEAUREPAIRE",1953,50
"BEAUREPAIRE",1954,91
"BEAUREPAIRE",1955,65
"BEAUREPAIRE",1956,62.6
"BEAUREPAIRE",1957,51.8
"BEAUREPAIRE",1958,75
"BEAUREPAIRE",1959,51.3
"BEAUREPAIRE",1960,111
"BEAUREPAIRE",1961,39.2
"BEAUREPAIRE",1962,34.2
"BEAUREPAIRE",1963,84
"BEAUREPAIRE",1964,41.1
"BEAUREPAIRE",1965,59.3
"BEAUREPAIRE",1966,40.4
"BEAUREPAIRE",1967,48
"BEAUREPAIRE",1968,62
"BEAUREPAIRE",1969,36
"BEAUREPAIRE",1970,113
"BEAUREPAIRE",1971,44
"BEAUREPAIRE",1972,50.3
"BEAUREPAIRE",1973,35
"BEAUREPAIRE",1974,40.5
"BEAUREPAIRE",1975,20.4
"BEAUREPAIRE",1976,10
"BEAUREPAIRE",1977,53
"BEAUREPAIRE",1978,62.8
"BEAUREPAIRE",1979,67
"BEAUREPAIRE",1980,53
"BEAUREPAIRE",1981,52
"BEAUREPAIRE",1982,76.6
"BEAUREPAIRE",1983,64
"BEAUREPAIRE",1984,64
"BEAUREPAIRE",1985,54.3
"BEAUREPAIRE",1986,71.2
"BEAUREPAIRE",1987,63
"BEAUREPAIRE",1988,108
"BEAUREPAIRE",1989,75.5
"BEAUREPAIRE",1990,35.9
"BEAUREPAIRE",1991,52
"BEAUREPAIRE",1992,48.5
"BEAUREPAIRE",1993,75
"BEAUREPAIRE",1994,58
"BEAUREPAIRE",1995,80
"BEAUREPAIRE",1996,65
"BEAUREPAIRE",1997,52.5
"BEAUREPAIRE",1998,81.5
"BEAUREPAIRE",1999,105
"BEAUREPAIRE",2000,64
"BEAUREPAIRE",2001,36
"BEAUREPAIRE",2002,55.6
"BEAUREPAIRE",2003,78
"BEAUREPAIRE",2004,66.6
"BEAUREPAIRE",2005,65
"BEAUREPAIRE",2006,67.4
"BEAUREPAIRE",2007,59
"BEAUREPAIRE",2008,89.4
"BEAUREPAIRE",2009,50
"BEAUREPAIRE",2010,50
"BEAUREPAIRE",2011,56.7
"BEAUREPAIRE",2012,78.6
"BEAUREPAIRE",2013,50.3
"BEAUREPAIRE",2014,95.2
"BEAUREPAIRE",2015,65.3
"BEAUREPAIRE",2016,52.2
"BEAUREPAIRE",2017,55.7
"BEAUREPAIRE",2018,44.5
"BEAUREPAIRE",2019,50.1
"BEAUREPAIRE",2020,74.3
"BEAUREPAIRE",2021,87.7
"BEAUREPAIRE",2022,33
"POMMIER-DE-BEAUREPAIRE",1950,NA
"POMMIER-DE-BEAUREPAIRE",1951,NA
"POMMIER-DE-BEAUREPAIRE",1952,NA
"POMMIER-DE-BEAUREPAIRE",1953,NA
"POMMIER-DE-BEAUREPAIRE",1954,NA
"POMMIER-DE-BEAUREPAIRE",1955,NA
"POMMIER-DE-BEAUREPAIRE",1956,NA
"POMMIER-DE-BEAUREPAIRE",1957,NA
"POMMIER-DE-BEAUREPAIRE",1958,NA
"POMMIER-DE-BEAUREPAIRE",1959,NA
"POMMIER-DE-BEAUREPAIRE",1960,NA
"POMMIER-DE-BEAUREPAIRE",1961,NA
"POMMIER-DE-BEAUREPAIRE",1962,NA
"POMMIER-DE-BEAUREPAIRE",1963,NA
"POMMIER-DE-BEAUREPAIRE",1964,NA
"POMMIER-DE-BEAUREPAIRE",1965,NA
"POMMIER-DE-BEAUREPAIRE",1966,NA
"POMMIER-DE-BEAUREPAIRE",1967,NA
"POMMIER-DE-BEAUREPAIRE",1968,NA
"POMMIER-DE-BEAUREPAIRE",1969,NA
"POMMIER-DE-BEAUREPAIRE",1970,101.5
"POMMIER-DE-BEAUREPAIRE",1971,53.7
"POMMIER-DE-BEAUREPAIRE",1972,47.1
"POMMIER-DE-BEAUREPAIRE",1973,35.4
"POMMIER-DE-BEAUREPAIRE",1974,43.7
"POMMIER-DE-BEAUREPAIRE",1975,42.2
"POMMIER-DE-BEAUREPAIRE",1976,69.1
"POMMIER-DE-BEAUREPAIRE",1977,55.5
"POMMIER-DE-BEAUREPAIRE",1978,66.5
"POMMIER-DE-BEAUREPAIRE",1979,63
"POMMIER-DE-BEAUREPAIRE",1980,49.1
"POMMIER-DE-BEAUREPAIRE",1981,55.6
"POMMIER-DE-BEAUREPAIRE",1982,98.5
"POMMIER-DE-BEAUREPAIRE",1983,82
"POMMIER-DE-BEAUREPAIRE",1984,71
"POMMIER-DE-BEAUREPAIRE",1985,72
"POMMIER-DE-BEAUREPAIRE",1986,87.1
"POMMIER-DE-BEAUREPAIRE",1987,57
"POMMIER-DE-BEAUREPAIRE",1988,101
"POMMIER-DE-BEAUREPAIRE",1989,84.4
"POMMIER-DE-BEAUREPAIRE",1990,38.8
"POMMIER-DE-BEAUREPAIRE",1991,68.6
"POMMIER-DE-BEAUREPAIRE",1992,48
"POMMIER-DE-BEAUREPAIRE",1993,92.4
"POMMIER-DE-BEAUREPAIRE",1994,51.2
"POMMIER-DE-BEAUREPAIRE",1995,71.9
"POMMIER-DE-BEAUREPAIRE",1996,58.4
"POMMIER-DE-BEAUREPAIRE",1997,69
"POMMIER-DE-BEAUREPAIRE",1998,61.2
"POMMIER-DE-BEAUREPAIRE",1999,75.8
"POMMIER-DE-BEAUREPAIRE",2000,91.8
"POMMIER-DE-BEAUREPAIRE",2001,48.8
"POMMIER-DE-BEAUREPAIRE",2002,63.3
"POMMIER-DE-BEAUREPAIRE",2003,68.2
"POMMIER-DE-BEAUREPAIRE",2004,96.4
"POMMIER-DE-BEAUREPAIRE",2005,80.2
"POMMIER-DE-BEAUREPAIRE",2006,52.6
"POMMIER-DE-BEAUREPAIRE",2007,49.3
"POMMIER-DE-BEAUREPAIRE",2008,62.3
"POMMIER-DE-BEAUREPAIRE",2009,42.2
"POMMIER-DE-BEAUREPAIRE",2010,47.2
"POMMIER-DE-BEAUREPAIRE",2011,51.6
"POMMIER-DE-BEAUREPAIRE",2012,74.3
"POMMIER-DE-BEAUREPAIRE",2013,59.2
"POMMIER-DE-BEAUREPAIRE",2014,93
"POMMIER-DE-BEAUREPAIRE",2015,58.1
"POMMIER-DE-BEAUREPAIRE",2016,49
"POMMIER-DE-BEAUREPAIRE",2017,61.9
"POMMIER-DE-BEAUREPAIRE",2018,69.4
"POMMIER-DE-BEAUREPAIRE",2019,59.4
"POMMIER-DE-BEAUREPAIRE",2020,114.7
"POMMIER-DE-BEAUREPAIRE",2021,100.7
"POMMIER-DE-BEAUREPAIRE",2022,NA
"ST-JEAN-DE-BOURNAY",1950,NA
"ST-JEAN-DE-BOURNAY",1951,NA
"ST-JEAN-DE-BOURNAY",1952,NA
"ST-JEAN-DE-BOURNAY",1953,NA
"ST-JEAN-DE-BOURNAY",1954,NA
"ST-JEAN-DE-BOURNAY",1955,NA
"ST-JEAN-DE-BOURNAY",1956,76.5
"ST-JEAN-DE-BOURNAY",1957,NA
"ST-JEAN-DE-BOURNAY",1958,69.1
"ST-JEAN-DE-BOURNAY",1959,57.8
"ST-JEAN-DE-BOURNAY",1960,75.7
"ST-JEAN-DE-BOURNAY",1961,42.3
"ST-JEAN-DE-BOURNAY",1962,43.5
"ST-JEAN-DE-BOURNAY",1963,96
"ST-JEAN-DE-BOURNAY",1964,34.9
"ST-JEAN-DE-BOURNAY",1965,51.7
"ST-JEAN-DE-BOURNAY",1966,48.3
"ST-JEAN-DE-BOURNAY",1967,59.6
"ST-JEAN-DE-BOURNAY",1968,54.2
"ST-JEAN-DE-BOURNAY",1969,49.1
"ST-JEAN-DE-BOURNAY",1970,103.5
"ST-JEAN-DE-BOURNAY",1971,61
"ST-JEAN-DE-BOURNAY",1972,46.4
"ST-JEAN-DE-BOURNAY",1973,41
"ST-JEAN-DE-BOURNAY",1974,45.6
"ST-JEAN-DE-BOURNAY",1975,45.7
"ST-JEAN-DE-BOURNAY",1976,71.4
"ST-JEAN-DE-BOURNAY",1977,45.5
"ST-JEAN-DE-BOURNAY",1978,55.7
"ST-JEAN-DE-BOURNAY",1979,66.2
"ST-JEAN-DE-BOURNAY",1980,46.7
"ST-JEAN-DE-BOURNAY",1981,50.2
"ST-JEAN-DE-BOURNAY",1982,72.3
"ST-JEAN-DE-BOURNAY",1983,69.9
"ST-JEAN-DE-BOURNAY",1984,79.5
"ST-JEAN-DE-BOURNAY",1985,46.2
"ST-JEAN-DE-BOURNAY",1986,60.4
"ST-JEAN-DE-BOURNAY",1987,64.1
"ST-JEAN-DE-BOURNAY",1988,78.5
"ST-JEAN-DE-BOURNAY",1989,67.5
"ST-JEAN-DE-BOURNAY",1990,72.6
"ST-JEAN-DE-BOURNAY",1991,55.4
"ST-JEAN-DE-BOURNAY",1992,60
"ST-JEAN-DE-BOURNAY",1993,91.2
"ST-JEAN-DE-BOURNAY",1994,53.5
"ST-JEAN-DE-BOURNAY",1995,61
"ST-JEAN-DE-BOURNAY",1996,52.3
"ST-JEAN-DE-BOURNAY",1997,100.5
"ST-JEAN-DE-BOURNAY",1998,37
"ST-JEAN-DE-BOURNAY",1999,80.4
"ST-JEAN-DE-BOURNAY",2000,82.5
"ST-JEAN-DE-BOURNAY",2001,40
"ST-JEAN-DE-BOURNAY",2002,61.7
"ST-JEAN-DE-BOURNAY",2003,65.8
"ST-JEAN-DE-BOURNAY",2004,50
"ST-JEAN-DE-BOURNAY",2005,57
"ST-JEAN-DE-BOURNAY",2006,47.5
"ST-JEAN-DE-BOURNAY",2007,48.7
"ST-JEAN-DE-BOURNAY",2008,42.4
"ST-JEAN-DE-BOURNAY",2009,43.6
"ST-JEAN-DE-BOURNAY",2010,45
"ST-JEAN-DE-BOURNAY",2011,NA
"ST-JEAN-DE-BOURNAY",2012,NA
"ST-JEAN-DE-BOURNAY",2013,NA
"ST-JEAN-DE-BOURNAY",2014,NA
"ST-JEAN-DE-BOURNAY",2015,NA
"ST-JEAN-DE-BOURNAY",2016,NA
"ST-JEAN-DE-BOURNAY",2017,NA
"ST-JEAN-DE-BOURNAY",2018,NA
"ST-JEAN-DE-BOURNAY",2019,NA
"ST-JEAN-DE-BOURNAY",2020,NA
"ST-JEAN-DE-BOURNAY",2021,NA
"ST-JEAN-DE-BOURNAY",2022,NA
"BOURGOIN",1950,135
"BOURGOIN",1951,63
"BOURGOIN",1952,45.5
"BOURGOIN",1953,57.8
"BOURGOIN",1954,98
"BOURGOIN",1955,43
"BOURGOIN",1956,67.8
"BOURGOIN",1957,53.3
"BOURGOIN",1958,62.9
"BOURGOIN",1959,48.6
"BOURGOIN",1960,79.5
"BOURGOIN",1961,41
"BOURGOIN",1962,38.2
"BOURGOIN",1963,58.5
"BOURGOIN",1964,38
"BOURGOIN",1965,54.5
"BOURGOIN",1966,34.5
"BOURGOIN",1967,50.5
"BOURGOIN",1968,54
"BOURGOIN",1969,38.2
"BOURGOIN",1970,98.7
"BOURGOIN",1971,56.7
"BOURGOIN",1972,46.5
"BOURGOIN",1973,34.2
"BOURGOIN",1974,38.8
"BOURGOIN",1975,43.3
"BOURGOIN",1976,82.3
"BOURGOIN",1977,38.3
"BOURGOIN",1978,48.2
"BOURGOIN",1979,48.9
"BOURGOIN",1980,46.8
"BOURGOIN",1981,53.9
"BOURGOIN",1982,52.8
"BOURGOIN",1983,62
"BOURGOIN",1984,59
"BOURGOIN",1985,44.6
"BOURGOIN",1986,79
"BOURGOIN",1987,55
"BOURGOIN",1988,93.3
"BOURGOIN",1989,79.7
"BOURGOIN",1990,51
"BOURGOIN",1991,60.4
"BOURGOIN",1992,52
"BOURGOIN",1993,80
"BOURGOIN",1994,46
"BOURGOIN",1995,64
"BOURGOIN",1996,51
"BOURGOIN",1997,52
"BOURGOIN",1998,39
"BOURGOIN",1999,54
"BOURGOIN",2000,62
"BOURGOIN",2001,38
"BOURGOIN",2002,61
"BOURGOIN",2003,53.1
"BOURGOIN",2004,74.4
"BOURGOIN",2005,42.2
"BOURGOIN",2006,41.8
"BOURGOIN",2007,36.2
"BOURGOIN",2008,53.5
"BOURGOIN",2009,34
"BOURGOIN",2010,39.6
"BOURGOIN",2011,83
"BOURGOIN",2012,69
"BOURGOIN",2013,50.2
"BOURGOIN",2014,76.6
"BOURGOIN",2015,60
"BOURGOIN",2016,39.9
"BOURGOIN",2017,54.3
"BOURGOIN",2018,44.9
"BOURGOIN",2019,51.7
"BOURGOIN",2020,86.7
"BOURGOIN",2021,72.7
"BOURGOIN",2022,45
"FAVERGES",1950,106.2
"FAVERGES",1951,66.2
"FAVERGES",1952,47
"FAVERGES",1953,57.4
"FAVERGES",1954,NA
"FAVERGES",1955,51
"FAVERGES",1956,64.4
"FAVERGES",1957,43.8
"FAVERGES",1958,75.6
"FAVERGES",1959,64.3
"FAVERGES",1960,59.9
"FAVERGES",1961,60.9
"FAVERGES",1962,42
"FAVERGES",1963,52.1
"FAVERGES",1964,39.2
"FAVERGES",1965,49.7
"FAVERGES",1966,41.8
"FAVERGES",1967,37.4
"FAVERGES",1968,58.7
"FAVERGES",1969,53.3
"FAVERGES",1970,37.7
"FAVERGES",1971,60.9
"FAVERGES",1972,35.8
"FAVERGES",1973,44.5
"FAVERGES",1974,57.8
"FAVERGES",1975,73.8
"FAVERGES",1976,61.6
"FAVERGES",1977,45.2
"FAVERGES",1978,81
"FAVERGES",1979,52.2
"FAVERGES",1980,58
"FAVERGES",1981,50
"FAVERGES",1982,43.2
"FAVERGES",1983,68.4
"FAVERGES",1984,46
"FAVERGES",1985,39.3
"FAVERGES",1986,66.5
"FAVERGES",1987,51
"FAVERGES",1988,98
"FAVERGES",1989,69.8
"FAVERGES",1990,49.1
"FAVERGES",1991,115
"FAVERGES",1992,44.2
"FAVERGES",1993,67.3
"FAVERGES",1994,50.1
"FAVERGES",1995,101
"FAVERGES",1996,46.2
"FAVERGES",1997,55.1
"FAVERGES",1998,50.2
"FAVERGES",1999,120
"FAVERGES",2000,43
"FAVERGES",2001,38
"FAVERGES",2002,88.3
"FAVERGES",2003,47.5
"FAVERGES",2004,72
"FAVERGES",2005,48
"FAVERGES",2006,28
"FAVERGES",2007,38.5
"FAVERGES",2008,49.8
"FAVERGES",2009,40
"FAVERGES",2010,38
"FAVERGES",2011,68
"FAVERGES",2012,63
"FAVERGES",2013,78
"FAVERGES",2014,57
"FAVERGES",2015,62
"FAVERGES",2016,39.5
"FAVERGES",2017,68
"FAVERGES",2018,76.5
"FAVERGES",2019,50.7
"FAVERGES",2020,68.3
"FAVERGES",2021,58.3
"FAVERGES",2022,43.8
"CHAPAREILLAN",1950,47
"CHAPAREILLAN",1951,48.3
"CHAPAREILLAN",1952,57
"CHAPAREILLAN",1953,50.1
"CHAPAREILLAN",1954,NA
"CHAPAREILLAN",1955,57.9
"CHAPAREILLAN",1956,41.2
"CHAPAREILLAN",1957,42.3
"CHAPAREILLAN",1958,46
"CHAPAREILLAN",1959,58.4
"CHAPAREILLAN",1960,66.4
"CHAPAREILLAN",1961,53.6
"CHAPAREILLAN",1962,56.7
"CHAPAREILLAN",1963,49.4
"CHAPAREILLAN",1964,40.7
"CHAPAREILLAN",1965,47.4
"CHAPAREILLAN",1966,37.4
"CHAPAREILLAN",1967,48
"CHAPAREILLAN",1968,48.5
"CHAPAREILLAN",1969,53.1
"CHAPAREILLAN",1970,45.2
"CHAPAREILLAN",1971,47.6
"CHAPAREILLAN",1972,29.8
"CHAPAREILLAN",1973,45.2
"CHAPAREILLAN",1974,78.5
"CHAPAREILLAN",1975,68.2
"CHAPAREILLAN",1976,50.4
"CHAPAREILLAN",1977,42
"CHAPAREILLAN",1978,64.5
"CHAPAREILLAN",1979,54.2
"CHAPAREILLAN",1980,66.5
"CHAPAREILLAN",1981,47.5
"CHAPAREILLAN",1982,50.3
"CHAPAREILLAN",1983,80
"CHAPAREILLAN",1984,46.8
"CHAPAREILLAN",1985,69.5
"CHAPAREILLAN",1986,59.2
"CHAPAREILLAN",1987,51.2
"CHAPAREILLAN",1988,50.3
"CHAPAREILLAN",1989,49.2
"CHAPAREILLAN",1990,64.1
"CHAPAREILLAN",1991,85.2
"CHAPAREILLAN",1992,48.8
"CHAPAREILLAN",1993,44.2
"CHAPAREILLAN",1994,73.2
"CHAPAREILLAN",1995,45
"CHAPAREILLAN",1996,47
"CHAPAREILLAN",1997,48.3
"CHAPAREILLAN",1998,41.3
"CHAPAREILLAN",1999,41.6
"CHAPAREILLAN",2000,47.1
"CHAPAREILLAN",2001,46
"CHAPAREILLAN",2002,50.3
"CHAPAREILLAN",2003,38.5
"CHAPAREILLAN",2004,77.9
"CHAPAREILLAN",2005,29.6
"CHAPAREILLAN",2006,NA
"CHAPAREILLAN",2007,NA
"CHAPAREILLAN",2008,NA
"CHAPAREILLAN",2009,NA
"CHAPAREILLAN",2010,NA
"CHAPAREILLAN",2011,NA
"CHAPAREILLAN",2012,NA
"CHAPAREILLAN",2013,NA
"CHAPAREILLAN",2014,NA
"CHAPAREILLAN",2015,NA
"CHAPAREILLAN",2016,NA
"CHAPAREILLAN",2017,NA
"CHAPAREILLAN",2018,NA
"CHAPAREILLAN",2019,NA
"CHAPAREILLAN",2020,NA
"CHAPAREILLAN",2021,NA
"CHAPAREILLAN",2022,NA
"ST-PIERRE-D'ENTREMONT",1950,NA
"ST-PIERRE-D'ENTREMONT",1951,32.4
"ST-PIERRE-D'ENTREMONT",1952,43.2
"ST-PIERRE-D'ENTREMONT",1953,61.3
"ST-PIERRE-D'ENTREMONT",1954,101.3
"ST-PIERRE-D'ENTREMONT",1955,102.1
"ST-PIERRE-D'ENTREMONT",1956,95.4
"ST-PIERRE-D'ENTREMONT",1957,NA
"ST-PIERRE-D'ENTREMONT",1958,96.7
"ST-PIERRE-D'ENTREMONT",1959,101.4
"ST-PIERRE-D'ENTREMONT",1960,83.7
"ST-PIERRE-D'ENTREMONT",1961,100.2
"ST-PIERRE-D'ENTREMONT",1962,69.5
"ST-PIERRE-D'ENTREMONT",1963,71
"ST-PIERRE-D'ENTREMONT",1964,65
"ST-PIERRE-D'ENTREMONT",1965,67.2
"ST-PIERRE-D'ENTREMONT",1966,52
"ST-PIERRE-D'ENTREMONT",1967,119.9
"ST-PIERRE-D'ENTREMONT",1968,124.5
"ST-PIERRE-D'ENTREMONT",1969,66
"ST-PIERRE-D'ENTREMONT",1970,66.6
"ST-PIERRE-D'ENTREMONT",1971,70
"ST-PIERRE-D'ENTREMONT",1972,46
"ST-PIERRE-D'ENTREMONT",1973,61
"ST-PIERRE-D'ENTREMONT",1974,76
"ST-PIERRE-D'ENTREMONT",1975,82
"ST-PIERRE-D'ENTREMONT",1976,58
"ST-PIERRE-D'ENTREMONT",1977,68
"ST-PIERRE-D'ENTREMONT",1978,102
"ST-PIERRE-D'ENTREMONT",1979,82
"ST-PIERRE-D'ENTREMONT",1980,118
"ST-PIERRE-D'ENTREMONT",1981,63.5
"ST-PIERRE-D'ENTREMONT",1982,81
"ST-PIERRE-D'ENTREMONT",1983,98.3
"ST-PIERRE-D'ENTREMONT",1984,73
"ST-PIERRE-D'ENTREMONT",1985,84
"ST-PIERRE-D'ENTREMONT",1986,114.8
"ST-PIERRE-D'ENTREMONT",1987,58
"ST-PIERRE-D'ENTREMONT",1988,68.5
"ST-PIERRE-D'ENTREMONT",1989,66.5
"ST-PIERRE-D'ENTREMONT",1990,116.5
"ST-PIERRE-D'ENTREMONT",1991,145.5
"ST-PIERRE-D'ENTREMONT",1992,77.5
"ST-PIERRE-D'ENTREMONT",1993,66.5
"ST-PIERRE-D'ENTREMONT",1994,100
"ST-PIERRE-D'ENTREMONT",1995,66
"ST-PIERRE-D'ENTREMONT",1996,102
"ST-PIERRE-D'ENTREMONT",1997,60.7
"ST-PIERRE-D'ENTREMONT",1998,70
"ST-PIERRE-D'ENTREMONT",1999,83
"ST-PIERRE-D'ENTREMONT",2000,89
"ST-PIERRE-D'ENTREMONT",2001,58
"ST-PIERRE-D'ENTREMONT",2002,79.5
"ST-PIERRE-D'ENTREMONT",2003,64
"ST-PIERRE-D'ENTREMONT",2004,92.5
"ST-PIERRE-D'ENTREMONT",2005,64.4
"ST-PIERRE-D'ENTREMONT",2006,53.5
"ST-PIERRE-D'ENTREMONT",2007,74.8
"ST-PIERRE-D'ENTREMONT",2008,98.2
"ST-PIERRE-D'ENTREMONT",2009,60.3
"ST-PIERRE-D'ENTREMONT",2010,67.2
"ST-PIERRE-D'ENTREMONT",2011,69.5
"ST-PIERRE-D'ENTREMONT",2012,62.5
"ST-PIERRE-D'ENTREMONT",2013,67.3
"ST-PIERRE-D'ENTREMONT",2014,64.2
"ST-PIERRE-D'ENTREMONT",2015,64
"ST-PIERRE-D'ENTREMONT",2016,64
"ST-PIERRE-D'ENTREMONT",2017,55
"ST-PIERRE-D'ENTREMONT",2018,54
"ST-PIERRE-D'ENTREMONT",2019,70
"ST-PIERRE-D'ENTREMONT",2020,76.2
"ST-PIERRE-D'ENTREMONT",2021,66.8
"ST-PIERRE-D'ENTREMONT",2022,80.6
"TULLINS",1950,48.3
"TULLINS",1951,57
"TULLINS",1952,50
"TULLINS",1953,66
"TULLINS",1954,80
"TULLINS",1955,NA
"TULLINS",1956,62
"TULLINS",1957,NA
"TULLINS",1958,78.2
"TULLINS",1959,42
"TULLINS",1960,65
"TULLINS",1961,55.7
"TULLINS",1962,46.1
"TULLINS",1963,52.3
"TULLINS",1964,45.6
"TULLINS",1965,29.7
"TULLINS",1966,47.6
"TULLINS",1967,54
"TULLINS",1968,66
"TULLINS",1969,54
"TULLINS",1970,38.4
"TULLINS",1971,58.2
"TULLINS",1972,43
"TULLINS",1973,49
"TULLINS",1974,50.5
"TULLINS",1975,69.1
"TULLINS",1976,54.5
"TULLINS",1977,41
"TULLINS",1978,87.2
"TULLINS",1979,40
"TULLINS",1980,56.6
"TULLINS",1981,58.7
"TULLINS",1982,48
"TULLINS",1983,47.6
"TULLINS",1984,39.6
"TULLINS",1985,49.8
"TULLINS",1986,50
"TULLINS",1987,41
"TULLINS",1988,75.5
"TULLINS",1989,50
"TULLINS",1990,58
"TULLINS",1991,103
"TULLINS",1992,63.1
"TULLINS",1993,80
"TULLINS",1994,64.5
"TULLINS",1995,80
"TULLINS",1996,61.5
"TULLINS",1997,51.6
"TULLINS",1998,80
"TULLINS",1999,97
"TULLINS",2000,37.8
"TULLINS",2001,52
"TULLINS",2002,58
"TULLINS",2003,65.1
"TULLINS",2004,95
"TULLINS",2005,80
"TULLINS",2006,32
"TULLINS",2007,52
"TULLINS",2008,49
"TULLINS",2009,54
"TULLINS",2010,55
"TULLINS",2011,47.4
"TULLINS",2012,65
"TULLINS",2013,53
"TULLINS",2014,50
"TULLINS",2015,30
"TULLINS",2016,NA
"TULLINS",2017,NA
"TULLINS",2018,NA
"TULLINS",2019,NA
"TULLINS",2020,NA
"TULLINS",2021,NA
"TULLINS",2022,NA
"ROYBON",1950,NA
"ROYBON",1951,NA
"ROYBON",1952,NA
"ROYBON",1953,NA
"ROYBON",1954,NA
"ROYBON",1955,NA
"ROYBON",1956,71
"ROYBON",1957,52
"ROYBON",1958,90.7
"ROYBON",1959,51.6
"ROYBON",1960,94.6
"ROYBON",1961,57.6
"ROYBON",1962,40.5
"ROYBON",1963,54.2
"ROYBON",1964,48.5
"ROYBON",1965,42.1
"ROYBON",1966,51.1
"ROYBON",1967,109.5
"ROYBON",1968,99.2
"ROYBON",1969,56.1
"ROYBON",1970,49.8
"ROYBON",1971,60.2
"ROYBON",1972,46.5
"ROYBON",1973,46.5
"ROYBON",1974,48.2
"ROYBON",1975,78.5
"ROYBON",1976,165.5
"ROYBON",1977,42.5
"ROYBON",1978,48
"ROYBON",1979,61
"ROYBON",1980,83
"ROYBON",1981,59.1
"ROYBON",1982,52
"ROYBON",1983,72.5
"ROYBON",1984,78
"ROYBON",1985,48
"ROYBON",1986,65
"ROYBON",1987,64.5
"ROYBON",1988,75
"ROYBON",1989,60
"ROYBON",1990,45.5
"ROYBON",1991,53
"ROYBON",1992,67.4
"ROYBON",1993,68.5
"ROYBON",1994,71.7
"ROYBON",1995,128
"ROYBON",1996,53.4
"ROYBON",1997,49
"ROYBON",1998,67
"ROYBON",1999,80.3
"ROYBON",2000,43
"ROYBON",2001,81
"ROYBON",2002,78
"ROYBON",2003,55
"ROYBON",2004,NA
"ROYBON",2005,NA
"ROYBON",2006,NA
"ROYBON",2007,NA
"ROYBON",2008,NA
"ROYBON",2009,NA
"ROYBON",2010,NA
"ROYBON",2011,NA
"ROYBON",2012,NA
"ROYBON",2013,NA
"ROYBON",2014,NA
"ROYBON",2015,NA
"ROYBON",2016,NA
"ROYBON",2017,NA
"ROYBON",2018,NA
"ROYBON",2019,NA
"ROYBON",2020,NA
"ROYBON",2021,NA
"ROYBON",2022,NA
"ALLEVARD",1950,39.1
"ALLEVARD",1951,55.5
"ALLEVARD",1952,48.1
"ALLEVARD",1953,43.8
"ALLEVARD",1954,50.2
"ALLEVARD",1955,74.5
"ALLEVARD",1956,63
"ALLEVARD",1957,43.1
"ALLEVARD",1958,48.2
"ALLEVARD",1959,51
"ALLEVARD",1960,50.1
"ALLEVARD",1961,50.1
"ALLEVARD",1962,46.1
"ALLEVARD",1963,53.3
"ALLEVARD",1964,62.2
"ALLEVARD",1965,44.3
"ALLEVARD",1966,49
"ALLEVARD",1967,47
"ALLEVARD",1968,54.5
"ALLEVARD",1969,59.3
"ALLEVARD",1970,32.8
"ALLEVARD",1971,69.3
"ALLEVARD",1972,36.4
"ALLEVARD",1973,49.2
"ALLEVARD",1974,48
"ALLEVARD",1975,65.8
"ALLEVARD",1976,44
"ALLEVARD",1977,41.7
"ALLEVARD",1978,58
"ALLEVARD",1979,40
"ALLEVARD",1980,77
"ALLEVARD",1981,40
"ALLEVARD",1982,44
"ALLEVARD",1983,74
"ALLEVARD",1984,38
"ALLEVARD",1985,50
"ALLEVARD",1986,49
"ALLEVARD",1987,51
"ALLEVARD",1988,51
"ALLEVARD",1989,52
"ALLEVARD",1990,51
"ALLEVARD",1991,76
"ALLEVARD",1992,49
"ALLEVARD",1993,39
"ALLEVARD",1994,61
"ALLEVARD",1995,48
"ALLEVARD",1996,54
"ALLEVARD",1997,54
"ALLEVARD",1998,46
"ALLEVARD",1999,45
"ALLEVARD",2000,48
"ALLEVARD",2001,50
"ALLEVARD",2002,46
"ALLEVARD",2003,48.9
"ALLEVARD",2004,41.7
"ALLEVARD",2005,69.3
"ALLEVARD",2006,31.7
"ALLEVARD",2007,39.4
"ALLEVARD",2008,50.4
"ALLEVARD",2009,58.7
"ALLEVARD",2010,71.3
"ALLEVARD",2011,69.9
"ALLEVARD",2012,44.3
"ALLEVARD",2013,61.9
"ALLEVARD",2014,36.4
"ALLEVARD",2015,49.2
"ALLEVARD",2016,51.8
"ALLEVARD",2017,38
"ALLEVARD",2018,42.1
"ALLEVARD",2019,63.3
"ALLEVARD",2020,55.6
"ALLEVARD",2021,40.1
"ALLEVARD",2022,45.5
"FOND-DE-FRANCE",1950,82.5
"FOND-DE-FRANCE",1951,56
"FOND-DE-FRANCE",1952,52
"FOND-DE-FRANCE",1953,53.5
"FOND-DE-FRANCE",1954,NA
"FOND-DE-FRANCE",1955,77.5
"FOND-DE-FRANCE",1956,46.5
"FOND-DE-FRANCE",1957,53.5
"FOND-DE-FRANCE",1958,71
"FOND-DE-FRANCE",1959,54
"FOND-DE-FRANCE",1960,70
"FOND-DE-FRANCE",1961,49.2
"FOND-DE-FRANCE",1962,54.2
"FOND-DE-FRANCE",1963,52.5
"FOND-DE-FRANCE",1964,90
"FOND-DE-FRANCE",1965,48.5
"FOND-DE-FRANCE",1966,64.5
"FOND-DE-FRANCE",1967,42.6
"FOND-DE-FRANCE",1968,61.3
"FOND-DE-FRANCE",1969,62.2
"FOND-DE-FRANCE",1970,68
"FOND-DE-FRANCE",1971,53.5
"FOND-DE-FRANCE",1972,47
"FOND-DE-FRANCE",1973,86.5
"FOND-DE-FRANCE",1974,58
"FOND-DE-FRANCE",1975,105.5
"FOND-DE-FRANCE",1976,67
"FOND-DE-FRANCE",1977,45
"FOND-DE-FRANCE",1978,88
"FOND-DE-FRANCE",1979,65
"FOND-DE-FRANCE",1980,75
"FOND-DE-FRANCE",1981,76
"FOND-DE-FRANCE",1982,58
"FOND-DE-FRANCE",1983,77
"FOND-DE-FRANCE",1984,48
"FOND-DE-FRANCE",1985,65
"FOND-DE-FRANCE",1986,54
"FOND-DE-FRANCE",1987,79
"FOND-DE-FRANCE",1988,80
"FOND-DE-FRANCE",1989,67
"FOND-DE-FRANCE",1990,90
"FOND-DE-FRANCE",1991,82
"FOND-DE-FRANCE",1992,80
"FOND-DE-FRANCE",1993,74
"FOND-DE-FRANCE",1994,91
"FOND-DE-FRANCE",1995,58
"FOND-DE-FRANCE",1996,68
"FOND-DE-FRANCE",1997,65
"FOND-DE-FRANCE",1998,64
"FOND-DE-FRANCE",1999,70
"FOND-DE-FRANCE",2000,81
"FOND-DE-FRANCE",2001,64
"FOND-DE-FRANCE",2002,70
"FOND-DE-FRANCE",2003,60
"FOND-DE-FRANCE",2004,60
"FOND-DE-FRANCE",2005,92
"FOND-DE-FRANCE",2006,40
"FOND-DE-FRANCE",2007,48
"FOND-DE-FRANCE",2008,57.3
"FOND-DE-FRANCE",2009,58.6
"FOND-DE-FRANCE",2010,65
"FOND-DE-FRANCE",2011,86.6
"FOND-DE-FRANCE",2012,84.2
"FOND-DE-FRANCE",2013,75.3
"FOND-DE-FRANCE",2014,67.2
"FOND-DE-FRANCE",2015,60.8
"FOND-DE-FRANCE",2016,55.6
"FOND-DE-FRANCE",2017,81.9
"FOND-DE-FRANCE",2018,48.5
"FOND-DE-FRANCE",2019,71
"FOND-DE-FRANCE",2020,66.3
"FOND-DE-FRANCE",2021,45.4
"FOND-DE-FRANCE",2022,82.3
"LA MOTTE",1950,39.7
"LA MOTTE",1951,48
"LA MOTTE",1952,40.7
"LA MOTTE",1953,40
"LA MOTTE",1954,NA
"LA MOTTE",1955,61.3
"LA MOTTE",1956,33
"LA MOTTE",1957,52.3
"LA MOTTE",1958,53
"LA MOTTE",1959,41.5
"LA MOTTE",1960,75
"LA MOTTE",1961,50.5
"LA MOTTE",1962,47.5
"LA MOTTE",1963,43.2
"LA MOTTE",1964,43
"LA MOTTE",1965,56.5
"LA MOTTE",1966,44.5
"LA MOTTE",1967,36
"LA MOTTE",1968,52.7
"LA MOTTE",1969,49.3
"LA MOTTE",1970,66.8
"LA MOTTE",1971,44.3
"LA MOTTE",1972,36.2
"LA MOTTE",1973,60.2
"LA MOTTE",1974,47.7
"LA MOTTE",1975,88
"LA MOTTE",1976,33.2
"LA MOTTE",1977,44.5
"LA MOTTE",1978,62.2
"LA MOTTE",1979,55
"LA MOTTE",1980,56
"LA MOTTE",1981,47.4
"LA MOTTE",1982,55.3
"LA MOTTE",1983,70.6
"LA MOTTE",1984,47
"LA MOTTE",1985,38
"LA MOTTE",1986,32.8
"LA MOTTE",1987,40.7
"LA MOTTE",1988,44.9
"LA MOTTE",1989,57
"LA MOTTE",1990,49
"LA MOTTE",1991,87.8
"LA MOTTE",1992,57.4
"LA MOTTE",1993,46.5
"LA MOTTE",1994,58.8
"LA MOTTE",1995,NA
"LA MOTTE",1996,NA
"LA MOTTE",1997,NA
"LA MOTTE",1998,NA
"LA MOTTE",1999,NA
"LA MOTTE",2000,NA
"LA MOTTE",2001,NA
"LA MOTTE",2002,NA
"LA MOTTE",2003,NA
"LA MOTTE",2004,NA
"LA MOTTE",2005,NA
"LA MOTTE",2006,NA
"LA MOTTE",2007,NA
"LA MOTTE",2008,NA
"LA MOTTE",2009,NA
"LA MOTTE",2010,NA
"LA MOTTE",2011,NA
"LA MOTTE",2012,NA
"LA MOTTE",2013,NA
"LA MOTTE",2014,NA
"LA MOTTE",2015,NA
"LA MOTTE",2016,NA
"LA MOTTE",2017,NA
"LA MOTTE",2018,NA
"LA MOTTE",2019,NA
"LA MOTTE",2020,NA
"LA MOTTE",2021,NA
"LA MOTTE",2022,NA
"CHANTELOUVE",1950,60.9
"CHANTELOUVE",1951,43.4
"CHANTELOUVE",1952,56.4
"CHANTELOUVE",1953,48
"CHANTELOUVE",1954,NA
"CHANTELOUVE",1955,93.5
"CHANTELOUVE",1956,42.5
"CHANTELOUVE",1957,51.2
"CHANTELOUVE",1958,68.8
"CHANTELOUVE",1959,50
"CHANTELOUVE",1960,75.5
"CHANTELOUVE",1961,79.5
"CHANTELOUVE",1962,73
"CHANTELOUVE",1963,53
"CHANTELOUVE",1964,45.5
"CHANTELOUVE",1965,64.8
"CHANTELOUVE",1966,59
"CHANTELOUVE",1967,56.5
"CHANTELOUVE",1968,80.5
"CHANTELOUVE",1969,80
"CHANTELOUVE",1970,57.5
"CHANTELOUVE",1971,58.5
"CHANTELOUVE",1972,48.5
"CHANTELOUVE",1973,75
"CHANTELOUVE",1974,106.5
"CHANTELOUVE",1975,61
"CHANTELOUVE",1976,74.5
"CHANTELOUVE",1977,60.5
"CHANTELOUVE",1978,63
"CHANTELOUVE",1979,68.3
"CHANTELOUVE",1980,63
"CHANTELOUVE",1981,67
"CHANTELOUVE",1982,64
"CHANTELOUVE",1983,132.5
"CHANTELOUVE",1984,59
"CHANTELOUVE",1985,55.5
"CHANTELOUVE",1986,100
"CHANTELOUVE",1987,61.5
"CHANTELOUVE",1988,65
"CHANTELOUVE",1989,50
"CHANTELOUVE",1990,88
"CHANTELOUVE",1991,73.1
"CHANTELOUVE",1992,78.2
"CHANTELOUVE",1993,52
"CHANTELOUVE",1994,60
"CHANTELOUVE",1995,45
"CHANTELOUVE",1996,60
"CHANTELOUVE",1997,42
"CHANTELOUVE",1998,40
"CHANTELOUVE",1999,60
"CHANTELOUVE",2000,90
"CHANTELOUVE",2001,87
"CHANTELOUVE",2002,57
"CHANTELOUVE",2003,62
"CHANTELOUVE",2004,NA
"CHANTELOUVE",2005,NA
"CHANTELOUVE",2006,NA
"CHANTELOUVE",2007,NA
"CHANTELOUVE",2008,NA
"CHANTELOUVE",2009,NA
"CHANTELOUVE",2010,NA
"CHANTELOUVE",2011,NA
"CHANTELOUVE",2012,NA
"CHANTELOUVE",2013,NA
"CHANTELOUVE",2014,NA
"CHANTELOUVE",2015,NA
"CHANTELOUVE",2016,NA
"CHANTELOUVE",2017,NA
"CHANTELOUVE",2018,NA
"CHANTELOUVE",2019,NA
"CHANTELOUVE",2020,NA
"CHANTELOUVE",2021,NA
"CHANTELOUVE",2022,NA
"MENS",1950,29.5
"MENS",1951,52
"MENS",1952,74
"MENS",1953,45.5
"MENS",1954,53.4
"MENS",1955,39.2
"MENS",1956,32.8
"MENS",1957,37.2
"MENS",1958,45.4
"MENS",1959,48.2
"MENS",1960,68.2
"MENS",1961,48.6
"MENS",1962,38.8
"MENS",1963,37.9
"MENS",1964,41.5
"MENS",1965,39.4
"MENS",1966,47.1
"MENS",1967,32.7
"MENS",1968,49.8
"MENS",1969,57.8
"MENS",1970,47
"MENS",1971,48
"MENS",1972,43.6
"MENS",1973,41.5
"MENS",1974,48.6
"MENS",1975,55.2
"MENS",1976,42.2
"MENS",1977,52
"MENS",1978,38.8
"MENS",1979,42.5
"MENS",1980,41.8
"MENS",1981,54
"MENS",1982,62.8
"MENS",1983,48.9
"MENS",1984,38.5
"MENS",1985,42.1
"MENS",1986,57.2
"MENS",1987,58.6
"MENS",1988,60
"MENS",1989,44
"MENS",1990,60
"MENS",1991,65
"MENS",1992,38
"MENS",1993,45
"MENS",1994,63
"MENS",1995,40
"MENS",1996,42
"MENS",1997,30
"MENS",1998,31
"MENS",1999,45
"MENS",2000,70
"MENS",2001,46
"MENS",2002,60
"MENS",2003,55.6
"MENS",2004,50
"MENS",2005,40
"MENS",2006,22.4
"MENS",2007,31
"MENS",2008,45
"MENS",2009,60
"MENS",2010,51
"MENS",2011,38.2
"MENS",2012,45
"MENS",2013,55
"MENS",2014,45
"MENS",2015,40
"MENS",2016,41
"MENS",2017,40
"MENS",2018,40
"MENS",2019,NA
"MENS",2020,NA
"MENS",2021,NA
"MENS",2022,NA
"ST-BAUDILLE",1950,NA
"ST-BAUDILLE",1951,NA
"ST-BAUDILLE",1952,NA
"ST-BAUDILLE",1953,NA
"ST-BAUDILLE",1954,NA
"ST-BAUDILLE",1955,NA
"ST-BAUDILLE",1956,NA
"ST-BAUDILLE",1957,NA
"ST-BAUDILLE",1958,NA
"ST-BAUDILLE",1959,54.5
"ST-BAUDILLE",1960,81.1
"ST-BAUDILLE",1961,63.2
"ST-BAUDILLE",1962,45.2
"ST-BAUDILLE",1963,47
"ST-BAUDILLE",1964,44.3
"ST-BAUDILLE",1965,45
"ST-BAUDILLE",1966,42.2
"ST-BAUDILLE",1967,101.2
"ST-BAUDILLE",1968,77
"ST-BAUDILLE",1969,82.4
"ST-BAUDILLE",1970,56.5
"ST-BAUDILLE",1971,62.5
"ST-BAUDILLE",1972,70
"ST-BAUDILLE",1973,40
"ST-BAUDILLE",1974,54
"ST-BAUDILLE",1975,51
"ST-BAUDILLE",1976,44.5
"ST-BAUDILLE",1977,114.4
"ST-BAUDILLE",1978,48.5
"ST-BAUDILLE",1979,60.5
"ST-BAUDILLE",1980,61.1
"ST-BAUDILLE",1981,58.4
"ST-BAUDILLE",1982,100
"ST-BAUDILLE",1983,58
"ST-BAUDILLE",1984,47.8
"ST-BAUDILLE",1985,50.2
"ST-BAUDILLE",1986,56.3
"ST-BAUDILLE",1987,54.6
"ST-BAUDILLE",1988,33.9
"ST-BAUDILLE",1989,58.7
"ST-BAUDILLE",1990,65.4
"ST-BAUDILLE",1991,61.3
"ST-BAUDILLE",1992,42.6
"ST-BAUDILLE",1993,64.2
"ST-BAUDILLE",1994,100.1
"ST-BAUDILLE",1995,69.4
"ST-BAUDILLE",1996,76
"ST-BAUDILLE",1997,68.3
"ST-BAUDILLE",1998,34.8
"ST-BAUDILLE",1999,78.7
"ST-BAUDILLE",2000,103.3
"ST-BAUDILLE",2001,50.1
"ST-BAUDILLE",2002,68.2
"ST-BAUDILLE",2003,53.9
"ST-BAUDILLE",2004,50.4
"ST-BAUDILLE",2005,54.4
"ST-BAUDILLE",2006,28.5
"ST-BAUDILLE",2007,40
"ST-BAUDILLE",2008,51
"ST-BAUDILLE",2009,57.5
"ST-BAUDILLE",2010,90.6
"ST-BAUDILLE",2011,81.4
"ST-BAUDILLE",2012,54.7
"ST-BAUDILLE",2013,67.2
"ST-BAUDILLE",2014,78
"ST-BAUDILLE",2015,59.1
"ST-BAUDILLE",2016,74.6
"ST-BAUDILLE",2017,47.3
"ST-BAUDILLE",2018,62.2
"ST-BAUDILLE",2019,78
"ST-BAUDILLE",2020,99.7
"ST-BAUDILLE",2021,65.8
"ST-BAUDILLE",2022,43.5
